nodeID,xCoord,yCoord,floor,building,nodeType,longName,shortName
NHALL02504,1580.0,1219.0,4,Faulkner,HALL,Hall 25,HALL N2504
AHALL0070G,1712.0,2647.0,0,BTM,HALL,Hall,Hall
DHALL01202,4570.0,555.0,2,BTM,HALL,Hallway 12 Floor 2,Hallway D1202
NDEPT00904,1380.0574725752047,433.79628675184176,4,Faulkner,DEPT,Rheumatology Center,DEPT N0904
BSTAI00302,2554.0,783.0,2,BTM,STAI,Staircase Intersection 3 Level 2,Stair B0302
EHALL00401,2275.0,910.0,1,BTM,HALL,Hallway Node 2 Floor 1,HallE02
DHALL05802,3510.0,790.0,2,BTM,HALL,Hallway 58 Floor 2,Hallway D5802
IHALL00103,2255.0,1290.0,3,BTM,HALL,Hallway Node 1,H1
FHALL00701,1758.0,930.0,1,BTM,HALL,Tower Elevator Entrance,Hallway F00701
BDEPT00102,2260.0,786.0,2,BTM,DEPT,Comprehensive Breast Heath,DEPT B0102
DHALL00102,4770.0,1140.0,2,BTM,HALL,Hallway 1 Floor 2,Hallway D0102
NSERV00804,1912.9999999999975,1184.3216257822548,4,Faulkner,SERV,Finance 1,SERV N0804
WELEV00KL2,2215.0,974.0,-2,BTM,ELEV,Elevator K,Elevator KL2
WELEV00KL1,2220.0,974.0,-1,BTM,ELEV,Elevator K,Elevator KL1
DHALL04702,3745.0,780.0,2,BTM,HALL,Hallway 47 Floor 2,Hallway D4702
KLABS00801,1186.0000000000014,535.0623199871252,1,Faulkner,LABS,Cardiac Rehab,Labs K0801
LDEPT00302,721.6615098560044,811.2010551670221,2,Faulkner,DEPT,Morgue,DEPT L2003
PDEPT01105,1223.1510159495622,749.9999999999995,5,Faulkner,DEPT,BWH Primary Care Physicians,DEPT011
PHALL00905,1355.7295226306958,451.224089980272,5,Faulkner,HALL,Hall 9,HALL009
AHALL004L2,1698.0,2687.0,-2,BTM,HALL,Hall,Hall
FEXIT00301,2099.0,1357.0,1,BTM,EXIT,Emergency Department Entrance,Emergency Entrance
FHALL01801,1758.0,956.0,1,BTM,HALL,Tower Hallway 10,Hallway F01801
MSERV00302,1132.6940882450256,1341.6811859586903,3,Faulkner,SERV,Chapel,Chapel
KHALL00701,1257.0,515.0,1,Faulkner,HALL,Hallway Intersection 7 Level 1,Hallway K0701
MSERV00303,1379.1328346676582,1341.6811859586903,3,Faulkner,SERV,Volunteer Room,Volunteer
MSERV00301,1257.6278995537018,1406.4860897422047,3,Faulkner,SERV,Shuttle Pickup,Shuttle
EHALL02801,2925.0,1050.0,1,BTM,HALL,Hallway Node 26 Floor 1,HallE26
DHALL03402,3925.0,740.0,2,BTM,HALL,Hallway 34 Floor 2,Hallway D3402
MSERV00304,1113.5950853972715,1273.0319234761537,3,Faulkner,SERV,Mechanical Space 1,MechSpace
KSTAI00201,1288.4250209061981,303.66330502015916,1,Faulkner,STAI,Staircase Intersection 2 Level 1,Stair K0201
MSERV00305,1342.78311957032,1273.0319234761537,3,Faulkner,SERV,Mechanical Space 2,MechSpace
GDEPT01403,1580.0,1904.0,3,BTM,DEPT,Watkins Clinic C,Watkins Clinic C
GHALL007L2,1578.0,2089.0,-2,BTM,HALL,Hallway MapNode 7 Floor L2,Hall
LELEV00X02,1203.390245690025,409.9999999999998,2,Faulkner,ELEV,Elevator 3 Level 2,ELEV L2003
NHALL00104,314.6131289066566,1218.9999999999993,4,Faulkner,HALL,Hall 1,HALL N0104
EHALL01701,2910.0,907.0,1,BTM,HALL,Hallway Node 15 Floor 1,HallE15
DHALL02302,4270.0,440.0,2,BTM,HALL,Hallway 23 Floor 2,Hallway D2302
AHALL00701,1017.0,2865.0,1,BTM,HALL,Hall,Hall
GREST004L2,1680.0,2090.0,-2,BTM,REST,Restroom,Restroom Shapiro L2
FSTAI00201,1673.0,802.0,1,BTM,STAI,Tower Stairway 1,Tower Stairs 1
IHALL01203,2220.0,1034.0,3,BTM,HALL,Hallway Node 12,H12
PSTAI00205,701.0000000000001,1256.2956426198455,5,Faulkner,STAI,Staircase B,STAIRB
IDEPT00903,2631.0,851.0,3,BTM,DEPT,Gynecology,D9
LSERV00202,774.5095620129579,932.4425108065374,2,Faulkner,SERV,Central Sterile Supply,SERVF L2002
NHALL01204,1249.9999999999995,850.6862378422901,4,Faulkner,HALL,Hall 12,HALL N1204
AHALL0090G,1524.0,2726.0,0,BTM,HALL,Hall,Hall
BHALL00802,2605.0,783.0,2,BTM,HALL,Hallway Intersection 8 Level 2,Hallway B0802
NHALL02704,1782.0,1219.0,4,Faulkner,HALL,Hall 27,HALL N2704
EHALL00601,2385.0,910.0,1,BTM,HALL,Hallway Node 4 Floor 1,HallE04
ELABS00101,3050.0,730.0,1,BTM,LABS,Asthma Research Lab,Asthma 1
PSTAI00405,1218.807926937594,1056.0,5,Faulkner,STAI,Staircase D,STAIRD
FRETL00201,1609.0,1246.0,1,BTM,RETL,Au Bon Pain,ABP
AELEV00S0G,1523.0,2763.0,0,BTM,ELEV,Elevator S,Elevator S G
NDEPT00704,1311.3730605061628,256.39651946553926,4,Faulkner,DEPT,Gastroentology Associates,DEPT N0704
DHALL01402,4570.0,455.0,2,BTM,HALL,Hallway 14 Floor 2,Hallway D1402
BSTAI00502,2945.0,840.0,2,BTM,STAI,Staircase Intersection 5 Level 2,Stair B0502
FHALL00501,1950.0,910.0,1,BTM,HALL,Shattuck Street Lobby 3,Hallway F00501
PDEPT00205,1249.9999999999995,262.9060830980048,5,Faulkner,DEPT,Orthopedic Association,DEPT002
AHALL00901,1581.0,2566.0,1,BTM,HALL,Hall,Hall
PHALL01805,1250.0,788.0,5,Faulkner,HALL,Hall 18,HALL018
BDEPT00302,2385.0,753.0,2,BTM,DEPT,Lee Bell Breast Center,DEPT B0302
BHALL01902,2678.0,1032.0,2,BTM,HALL,Hallway Intersection 19 Level 2,Hallway B1902
AELEV00S01,1534.0,2777.0,1,BTM,ELEV,Elevator S,Elevator S 1
MSERV00315,1154.833967929758,490.1439921074422,3,Faulkner,SERV,Family Patient Resources,Resources
AELEV00S03,1539.0,2773.0,3,BTM,ELEV,Elevator S,Elevator S 3
AELEV00S02,1532.0,2777.0,2,BTM,ELEV,Elevator S,Elevator S 2
WELEV00ML1,1820.0,1284.0,-1,BTM,ELEV,Elevator M,Elevator ML1
DHALL00302,4725.0,995.0,2,BTM,HALL,Hallway 3 Floor 2,Hallway D0302
NSERV00604,1863.9999999999993,1184.3216257822548,4,Faulkner,SERV,HR,SERV N0604
HHALL01103,1690.0,820.0,3,BTM,HALL,Hallway Connector 11,Hallway H01103
NDEPT01804,2110.0,1186.5014925700007,4,Faulkner,DEPT,Foot and Ankle Center,DEPT N1804
WELEV00ML2,1820.0,1280.0,-2,BTM,ELEV,Elevator M,Elevator ML2
DHALL04902,3645.0,775.0,2,BTM,HALL,Hallway 49 Floor 2,Hallway D4902
PHALL00705,1355.7295226306958,317.731248770303,5,Faulkner,HALL,Hall 7,HALL007
AEXIT0010G,1678.0,2460.0,0,BTM,EXIT,Fenwood Road,Fenwood Road
LHALL02102,1250.0,474.0,2,Faulkner,HALL,Hallway Intersection 21 Level 2,HALL L2021
FHALL01601,1758.0,1060.0,1,BTM,HALL,Tower Hallway 8,Hallway F01601
PDEPT01305,1279.1540058407306,1056.0,5,Faulkner,DEPT,X-Ray Waiting,DEPT013
LDEPT00502,1158.4554002297448,288.0000000000001,2,Faulkner,DEPT,Otolaryngology,DEPT L2005
NHALL00304,722.0,1219.0,4,Faulkner,HALL,Hall 3,HALL N0304
KHALL00901,949.7517457399955,514.9999999999995,1,Faulkner,HALL,Hallway Intersection K00901,Hallway K0901
DHALL03602,3955.0,830.0,2,BTM,HALL,Hallway 36 Floor 2,Hallway D3602
GHALL009L2,1578.0,2031.0,-2,BTM,HALL,Hallway MapNode 9 Floor L2,Hall
LHALL01002,1433.0,1205.0,2,Faulkner,HALL,Hallway Intersection 10 Level 2,HALL L2010
LHALL01003,1208.1412548480844,561.3776232991879,3,Faulkner,HALL,Hall,Hall
XHALL15802,3372.0,1219.0,2,BTM,HALL,45 sidewalk,45 sidewalk
LELEV00Z02,1367.367426245453,1124.0000000000002,2,Faulkner,ELEV,Elevator 2 Level 2,ELEV L2002
GHALL03001,1256.0,1858.0,1,BTM,HALL,Hallway MapNode 30 Floor 1,Hall
FHALL02901,1700.0,1280.0,1,BTM,HALL,75 Lobby,75 Lobby
GHALL03002,1580.0,2090.0,2,BTM,HALL,Hall Node 30 Floor 2,Hall
NHALL01404,1249.9999999999995,531.0656966035799,4,Faulkner,HALL,Hall 14,HALL N1404
BREST00502,2782.0,1152.0,2,BTM,REST,Restroom,REST B0502
MSERV00337,1094.7859328002148,648.7155280171538,3,Faulkner,SERV,Family Patient Resources,Resources
MSERV00338,1069.0157494490597,784.3998401890585,3,Faulkner,SERV,Huvos Auditorium Top,Auditorium
EHALL01901,2960.0,900.0,1,BTM,HALL,Hallway Node 17 Floor 1,HallE17
DHALL02502,4290.0,470.0,2,BTM,HALL,Hallway 25 Floor 2,Hallway D2502
FDEPT00201,1610.0,1120.0,1,BTM,DEPT,Bretholtz Center for Patients and Families,Bretholtz WR
IHALL01003,2772.0,1075.0,3,BTM,HALL,Hallway Node 10,H10
NLABS00204,987.7797678521842,1251.422054645472,4,Faulkner,LABS,Medical Library,LABS N0204
PHALL02905,949.0,1214.0,5,Faulkner,HALL,Hall 29,HALL029
LSERV00402,1408.363309516348,943.9999999999997,2,Faulkner,SERV,Central Sterile Supply 2,SERVF L2004
WHALL00402,2105.0,900.0,2,BTM,HALL,Hallway Connector 4 Floor 2,Hallway W0402
NDEPT00504,1119.9518419077313,444.1247697697428,4,Faulkner,DEPT,Cardiology,DEPT N0504
EHALL00801,2460.0,910.0,1,BTM,HALL,Hallway Node 6 Floor 1,HallE06
DHALL01602,4480.0,580.0,2,BTM,HALL,Hallway 16 Floor 2,Hallway D1602
AINFO001L2,1681.0,2747.0,-2,BTM,INFO,BTM Security Desk,Security
PHALL03105,701.0,1214.0,5,Faulkner,HALL,Hall 31,HALL031
FHALL00301,2017.0,910.0,1,BTM,HALL,Shattuck Street Lobby 1,Hallway F00301
CHALL010L2,2130.0,849.0,-2,BTM,HALL,Hallway 10 Floor L2,Hallway C010L2
CHALL010L1,2265.0,904.0,-1,BTM,HALL,Hallway 10 Floor L1,Hallway C010L1
ALABS00203,1671.0,2695.0,3,BTM,LABS,Clinical Trials,Clinical Trials
BHALL03202,2554.0,1472.0,2,BTM,HALL,Hallway Intersection 32 Level 2,Hallway B3202
IHALL00503,2730.0,1290.0,3,BTM,HALL,Hallway Node 5,H5
GLABS015L2,1512.0,1811.0,-2,BTM,LABS,CVRR,CVRR
NHALL02104,1311.373060506163,287.476110664911,4,Faulkner,HALL,Hall 21,HALL N2104
NDEPT01604,1697.9999999999975,1185.6295458549023,4,Faulkner,DEPT,QUALIMP,DEPT N1604
BSTAI01002,2238.0,932.0,2,BTM,STAI,Staircase Intersection 10 Level 2,Stair B1002
AHALL0140G,1599.0,2727.0,0,BTM,HALL,Hall,Hall
FSERV00101,1950.0,871.0,1,BTM,SERV,Shattuck Street Lobby ATM,Lobby ATM
DHALL00502,4705.0,925.0,2,BTM,HALL,Hallway 5 Floor 2,Hallway D0502
PHALL02005,1250.0,992.0,5,Faulkner,HALL,Hall 20,HALL020
FHALL01401,1627.0,1029.0,1,BTM,HALL,Tower Hallway 6,Hallway F01401
BHALL02102,2841.0,1032.0,2,BTM,HALL,Hallway Intersection 21 Level 2,Hallway B2102
GHALL00603,1685.0,2142.0,3,BTM,HALL,Hallway Node 6 Floor 3,Hall
LDEPT00702,1459.235491914323,855.5162769314599,2,Faulkner,DEPT,Physical Therapy,DEPT L2007
GHALL00601,1707.0,2015.0,1,BTM,HALL,Hallway MapNode 6 Floor 1,Hall
ESTAI00101,2190.0,910.0,1,BTM,STAI,Staircase K1 Floor 1,Stair K1
NHALL03204,2110.0,1219.0,4,Faulkner,HALL,Hall 32,HALL N3204
KDEPT00401,2008.818219869988,792.7064756638557,1,Faulkner,DEPT,Recovery,Department K0401
DHALL03802,3970.0,880.0,2,BTM,HALL,Hallway 38 Floor 2,Hallway D3802
DREST00202,3895.0,695.0,2,BTM,REST,Restroom,Restroom C
LHALL01202,1433.0,1066.0,2,Faulkner,HALL,Hallway Intersection 12 Level 2,HALL L2012
LHALL01203,1290.6967876862002,264.80319667154464,3,Faulkner,HALL,Hall,Hall
FHALL02701,2066.0,1239.0,1,BTM,HALL,Lobby Hallway 7,Hallway F02701
GHALL003L1,1688.0,2167.0,-1,BTM,HALL,Hallway MapNode 3 Floor L1,Hall
GHALL01702,1578.0,1820.0,2,BTM,HALL,Hall Node 17 (Exit?) Floor 2,Hall
GHALL01701,1605.0,2093.0,1,BTM,HALL,Hallway MapNode 17 Floor 1,Hall
HRETL00202,1615.0,1025.0,2,BTM,RETL,Vending Machine,Vending Machine
WHALL001L2,1745.0,1524.0,-2,BTM,HALL,Hallway Connector 1 Floor L2,Hallway W01L2
DHALL02702,4285.0,715.0,2,BTM,HALL,Hallway 27 Floor 2,Hallway D2702
AHALL00303,1650.0,2732.0,3,BTM,HALL,Hall,Hall
AHALL00301,1608.0,2737.0,1,BTM,HALL,Hall,Hall
AHALL00302,1590.0,2745.0,2,BTM,HALL,Hall,Hall
LHALL00104,1249.9999999999995,1037.4110077604066,4,Faulkner,HALL,Hall,Hall
LHALL00105,1265.9999999999998,1112.7451215926872,5,Faulkner,HALL,Hall,Hall
LHALL00102,747.0,658.0,2,Faulkner,HALL,Hallway Intersection 1 Level 2,HALL L2001
LHALL00103,1257.6278995537018,1273.0319234761537,3,Faulkner,HALL,Hall,Hall
FDEPT00401,1794.0,1146.0,1,BTM,DEPT,Sharf Admitting Center,Sharf Center
LHALL00101,1257.000000000001,527.8110193253242,1,Faulkner,HALL,Hall,Hall
IHALL01603,2252.0,851.0,3,BTM,HALL,Hallway Node 16,H16
BHALL04302,2782.0,1067.0,2,BTM,HALL,Hallway Intersection 43 level 2,Hallway B04302
GHALL02801,1270.0,1830.0,1,BTM,HALL,Hallway MapNode 28 Floor 1,Hall
IREST00203,2570.0,1257.0,3,BTM,REST,Restroom,R2
IDEPT00503,2868.0,1075.0,3,BTM,DEPT,Urology,D5
WHALL00203,2080.0,1290.0,3,BTM,HALL,Hallway Connector 2 Floor 3,Hallway W0203
WHALL00202,3360.0,860.0,2,BTM,HALL,Hallway Connector 2 Floor 2,Hallway W0202
AHALL0050G,1713.0,2558.0,0,BTM,HALL,Hall,Hall
EDEPT00101,2335.0,860.0,1,BTM,DEPT,Waiting Room 1,Wait 1
ESTAI00301,2790.0,1155.0,1,BTM,STAI,Staircase H1 Floor 1,Stair H1
WHALL00201,2175.0,910.0,1,BTM,HALL,Hallway Connector 2 Floor 1,Hallway W0201
NDEPT00304,1227.777742507378,1001.8230803607875,4,Faulkner,DEPT,MOHS Clinic,DEPT N0304
AHALL002L2,1698.0,2776.0,-2,BTM,HALL,Hallway Intersection,Hall
BSTAI00102,2177.0,902.0,2,BTM,STAI,Staircase Intersection 1 Level 2,Stair B0102
DHALL01802,4385.0,585.0,2,BTM,HALL,Hallway 18 Floor 2,Hallway D1802
BHALL03002,2782.0,1165.0,2,BTM,HALL,Hallway Intersection 30 Level 2,Hallway B3002
IHALL00303,2448.0,1290.0,3,BTM,HALL,Hallway Node 3,H3
FHALL00101,2055.0,910.0,1,BTM,HALL,Lower Pike Hallway Exit Lobby,Hallway F00101
NCONF00204,537.9999999999999,1255.5231568844786,4,Faulkner,CONF,Tynan Conference Room,CONF N0104
NHALL02304,1357.6790927030856,478.8973292633428,4,Faulkner,HALL,Hall 23,HALL N2304
NDEPT01404,1579.9999999999982,1243.6140024089386,4,Faulkner,DEPT,Primary Care Physician,DEPT N1404
CRETL001L1,2185.0,904.0,-1,BTM,RETL,Vending Machine,Retail C001L1
PDEPT02005,195.3714488101457,1209.0378064048148,5,Faulkner,DEPT,Intesive Care Unit/Critical Care Unit west,DEPT019
ALABS001L2,1667.0,2682.0,-2,BTM,LABS,MRI CT Scan Imaging,MRI CT Imaging
DHALL00702,4675.0,820.0,2,BTM,HALL,Hallway 7 Floor 2,Hallway D0702
GHALL00803,1685.0,2106.0,3,BTM,HALL,Hallway Node 8 Floor 3,Hall
FHALL01201,1548.0,930.0,1,BTM,HALL,Tower Staff Entrance,Hallway F01201
GHALL00801,1707.0,2152.0,1,BTM,HALL,Hallway MapNode 8 Floor 1,Hall
LDEPT00902,1200.0000000000007,1249.9036907047425,2,Faulkner,DEPT,Psych/Addiction Care,DEPT L2009
DHALL06002,4330.0,580.0,2,BTM,HALL,Hallway 60 Floor 2,Hallway D6002
NHALL03404,2286.0,1219.0,4,Faulkner,HALL,Hall 34,HALL N3404
HSTAI00202,1695.0,1165.0,2,BTM,STAI,Stairwell 2 Tower,Stairwell 0202
HDEPT00203,1690.0,830.0,3,BTM,DEPT,MICU 3BC Waiting Room,MICU 3BC WR
KDEPT00201,1752.0000000000014,1048.4802308936637,1,Faulkner,DEPT,Operation Rooms,Department K0201
DREST00402,3525.0,850.0,2,BTM,REST,Restroom,Restroom D
CDEPT003L1,1845.0,844.0,-1,BTM,DEPT,Day Surgery Family Waiting Exit,Department C003L1
LHALL01402,1432.9999999999989,855.5162769314599,2,Faulkner,HALL,Hallway Intersection 14 Level 2,HALL L2014
LHALL01403,1365.4685131424364,293.42595100176044,3,Faulkner,HALL,Hall,Hall
FHALL02501,1965.0,1239.0,1,BTM,HALL,Lobby Hallway 3,Hallway F02501
GHALL005L1,1688.0,2131.0,-1,BTM,HALL,Hallway MapNode 5 Floor L1,Hall
GHALL005L2,1642.0,2089.0,-2,BTM,HALL,Hallway MapNode 5 Floor L2,Hall
KHALL02001,1186.0000000000014,515.2788961793007,1,Faulkner,HALL,Hallway Intersection 20 Level 1,Hallway K2001
AHALL00503,1650.0,2855.0,3,BTM,HALL,Hall,Hall
AHALL00501,1420.0,2865.0,1,BTM,HALL,Hall,Hall
AHALL00502,1398.0,2745.0,2,BTM,HALL,Hall,Hall
LHALL00304,1357.6790927030856,433.79628675184176,4,Faulkner,HALL,Hall,Hall
EEXIT00201,2950.0,705.0,1,BTM,EXIT,Exit 2,Exit 2
EHALL03001,2790.0,1070.0,1,BTM,HALL,Hallway Node 28 Floor 1,HallE28
LHALL00302,747.0,811.2010551670218,2,Faulkner,HALL,Hallway Intersection 3 Level 2,HALL L2003
LHALL00303,1257.6278995537016,968.2176419257312,3,Faulkner,HALL,Hall,Hall
DHALL02902,4185.0,665.0,2,BTM,HALL,Hallway 29 Floor 2,Hallway D2902
LHALL00301,2243.8561932233783,1112.999999999999,1,Faulkner,HALL,Hall,Hall
LREST00102,1463.465691098492,1124.0000000000002,2,Faulkner,REST,Restroom 1 Level 2,REST L2001
GHALL016L2,1512.0,1701.0,-2,BTM,HALL,Hallway MapNode 16 Floor L2,Hall
FDEPT00601,1780.0,1029.0,1,BTM,DEPT,International Patient Center,IPC
BHALL04102,2678.0,1067.0,2,BTM,HALL,Hallway Intersection 41 Level 2,Hallway B04102
IHALL01403,2323.0,993.0,3,BTM,HALL,Hallway Node 14,H14
NSTAI00504,1781.999999999998,1250.1536027721759,4,Faulkner,STAI,Stair 5,STAI N0504
LREST00105,1275.725251357598,314.9882451837968,5,Faulkner,REST,Bathroom A,RESTA
IDEPT00703,2400.0,764.0,3,BTM,DEPT,Obstetrics,D7
AINFO0020G,1699.0,2707.0,0,BTM,INFO,Information Desk,Information
NHALL01004,1249.9999999999995,966.7350739230303,4,Faulkner,HALL,Hall 10,HALL N1004
CLABS002L1,1750.0,1090.0,-1,BTM,LABS,Pre-Op PACU,Lab C002L1
CLABS002L2,2215.0,1280.0,-2,BTM,LABS,Radiation Oncology Lab,Lab C002L2
EDEPT00301,3200.0,880.0,1,BTM,DEPT,Ocupational Health Department,Ocupational 1
BDEPT00902,3257.0,879.0,2,BTM,DEPT,Weiner Center for Preoperative Evaluation,DEPT B0902
GHALL03702,1692.0,2211.0,2,BTM,HALL,Hall Node 37 Floor 2,Hall
LHALL01503,1365.4685131424364,341.54403299883364,3,Faulkner,HALL,Hall,Hall
LHALL01502,1433.0,501.0,2,Faulkner,HALL,Hallway Intersection 15 Level 2,HALL L2015
KDEPT00701,1257.0,218.0,1,Faulkner,DEPT,Waiting area,Department K0701
CHALL014L1,1845.0,924.0,-1,BTM,HALL,Hallway 14 Floor L1,Hallway C014L1
XEXIT  202,3867.0,1923.0,2,BTM,EXIT,Flexible Workspaces Entrance,Flex Entrance
KHALL02301,1256.8375037582084,1101.0000000000005,1,Faulkner,HALL,Hallway Intersection 23 Level 1,Hallway K2301
BHALL03602,2279.0,762.0,2,BTM,HALL,Hallway Intersection 36 Level 2,Hallway B3602
DINFO00202,3490.0,825.0,2,BTM,INFO,Security Desk Thorn,Security Desk
PDEPT00805,1276.6395858864332,787.9999999999999,5,Faulkner,DEPT,Abulatory Care 3,DEPT008
PHALL02405,1266.0,1214.0,5,Faulkner,HALL,Hall 24,HALL024
LHALL00403,1257.6278995537016,691.8757483021362,3,Faulkner,HALL,Hall,Hall
DHALL00902,4635.0,680.0,2,BTM,HALL,Hallway 9 Floor 2,Hallway D0902
LHALL00404,1146.1173322197471,444.1247697697428,4,Faulkner,HALL,Hall,Hall
LHALL00402,747.0,932.4425108065374,2,Faulkner,HALL,Hallway Intersection 4 Level 2,HALL L2004
DRETL00102,4270.0,480.0,2,BTM,RETL,Pats Place,Pats Place
FHALL01001,1627.0,802.0,1,BTM,HALL,Tower Hallway 3,Hallway F01001
CHALL003L2,2215.0,904.0,-2,BTM,HALL,Hallway 3 Floor L2,Hallway C003L2
CHALL003L1,2445.0,1284.0,-1,BTM,HALL,Hallway 3 Floor L1,Hallway C003L1
BHALL02502,3163.0,945.0,2,BTM,HALL,Hallway Intersection 25 Level 2,Hallway B2502
GHALL00202,1168.0,1820.0,2,BTM,HALL,Hall Node 2 Floor 2,Hall
KHALL01201,1257.0,1080.0,1,Faulkner,HALL,Hallway Intersection 12 Level 1,Hallway K1201
GHALL00203,1580.0,2230.0,3,BTM,HALL,Hallway Node 2 Floor 3,Hall
GHALL00201,1722.0,1832.0,1,BTM,HALL,Hallway MapNode 2 Floor 1,Hall
XHALL16102,3830.0,1991.0,2,BTM,HALL,FLEX Entry Hall,FLEX Entry Hall
PDEPT01905,648.2631809443017,1213.9999999999993,5,Faulkner,DEPT,Intesive Care Unit/Critical Care Unit east,DEPT019
NDEPT00204,911.0,1182.875060079217,4,Faulkner,DEPT,Department Office,DEPT N0204
HHALL00702,1740.0,1165.0,2,BTM,HALL,Hallway Connector 7,Hallway H00702
HHALL00703,1735.0,900.0,3,BTM,HALL,Hallway Connector 7,Hallway H00703
LEXIT0101,1257.0,128.0,1,Faulkner,EXIT,Exit 1 Level 1,Exit K0101
NHALL00904,1249.9999999999995,1001.8230803607875,4,Faulkner,HALL,Hall 9,HALL N0904
ESTAI00401,2605.0,1340.0,1,BTM,STAI,Staircase H2 Floor 1,Stair H2
BHALL00102,2238.0,902.0,2,BTM,HALL,Hallway Intersection 1 Level 2,Hallway B0102
PHALL01105,1250.0,405.0,5,Faulkner,HALL,Hall 11,HALL011
NSERV01204,1953.9999999999989,1246.2298425542335,4,Faulkner,SERV,VP Clinicial Service,SERV N1204
WHALL00702,1740.0,1500.0,2,BTM,HALL,Hallway Connector 7 Floor 2,Hallway W0702
FHALL02301,1845.0,1280.0,1,BTM,HALL,Lobby Hallway 1,Hallway F02301
BHALL01202,2945.0,902.0,2,BTM,HALL,Hallway Intersection 12 Level 2,Hallway B1202
IHALL00803,2772.0,1147.0,3,BTM,HALL,Hallway Node 8,H8
GHALL01303,1580.0,2006.0,3,BTM,HALL,Hallway Node 13 Floor 3,Hall
GHALL01302,1450.0,1781.0,2,BTM,HALL,Hall Node 13 Floor 2,Hall
DSTAI00302,4250.0,440.0,2,BTM,STAI,Staircase3 Floor2,Staircase3
CCONF002L1,2665.0,1043.0,-1,BTM,CONF,Medical Records Conference Room,Conf C002L1
NDEPT01304,1464.9999999999993,1186.9374659275497,4,Faulkner,DEPT,PATSAFE,DEPT N1304
FSERV00401,1721.0,970.0,1,BTM,DEPT,Spiritual Care Office,SCO
NSERV00104,1078.0,1184.0468035760762,4,Faulkner,SERV,Social Work,SERV N0104
EHALL03201,2670.0,1380.0,1,BTM,HALL,Hallway Node 30 Floor 1,HallE30
WELEV00F01,3050.0,980.0,1,BTM,ELEV,Elevator F,Elevator F1
IDEPT00103,2323.0,1328.0,3,BTM,DEPT,Center for Infertility and Reproductive Surgery,D1
WELEV00F02,3075.0,960.0,2,BTM,ELEV,Elevator F,Elevator F2
NSTAI00304,1215.661798772727,1037.4110077604066,4,Faulkner,STAI,Stair 3,STAI N0304
GHALL010L2,1550.0,2031.0,-2,BTM,HALL,Hallway MapNode 10 Floor L2,Hall
AHALL0110G,1550.0,2853.0,0,BTM,HALL,Hall,Hall
GHALL02401,1602.0,1928.0,1,BTM,HALL,Hallway MapNode 24 Floor 1,Hall
HSTAI00102,2060.0,880.0,2,BTM,STAI,Stairwell 1,Stairwell 0102
HSTAI00103,1680.0,1275.0,3,BTM,STAI,Stairwell 1,Stairwell
KDEPT00501,1230.2144947466963,770.0,1,Faulkner,DEPT,Special testing,Department K0501
KHALL02501,1752.0,1113.0,1,Faulkner,HALL,Hallway Intersection 25 Level 1,Hallway K2501
NSTAI00104,162.28647431497927,1218.9999999999993,4,Faulkner,STAI,Stair 1,STAI N0104
LHALL01703,1638.9100456418846,906.4322664712353,3,Faulkner,HALL,Hall,Hall
LHALL01702,1349.0,474.0,2,Faulkner,HALL,Hallway Intersection 17 Level 2,HALL L2017
EHALL02101,3230.0,880.0,1,BTM,HALL,Hallway Node 19 Floor 1,HallE19
GDEPT01901,1566.0,2139.0,1,BTM,DEPT,Zinner Breakout Room,Zinner Breakout Room
CHALL012L1,2130.0,904.0,-1,BTM,HALL,Hallway 12 Floor L1,Hallway C012L1
CREST001L1,1732.0,1019.0,-1,BTM,REST,Restroom,Restroom C001L1
BHALL03402,2166.0,1028.0,2,BTM,HALL,Hallway Intersection 34 Level 2,Hallway B3402
KHALL01401,1257.000000000001,554.5850525381279,1,Faulkner,HALL,Hallway Intersection 14 Level 1,Hallway K1401
PHALL02205,1250.0,1112.2879543282693,5,Faulkner,HALL,Hall 22,HALL022
LHALL00603,1208.1412548480844,691.8757483021361,3,Faulkner,HALL,Hall,Hall
LHALL00604,1249.9999999999995,398.67944449097837,4,Faulkner,HALL,Hall,Hall
CREST001L2,2300.0,884.0,-2,BTM,REST,Restroom,Restroom C001L2
LHALL00602,747.0,1119.4095976611586,2,Faulkner,HALL,Hallway Intersection 6 Level 2,HALL L2006
EHALL01001,2585.0,890.0,1,BTM,HALL,Hallway Node 8 Floor 1,HallE08
PCONF00105,1106.3447798908392,444.8237482784242,5,Faulkner,CONF,Suite 51,CONF001
MRETL00330,1439.796851500305,906.4322664712354,3,Faulkner,RETL,Cafeteria Exterior entrance,Cafeteria
CHALL001L2,2360.0,854.0,-2,BTM,HALL,Hallway K Elevator Floor L2,Hallway C001L2
CHALL001L1,1732.0,924.0,-1,BTM,HALL,Hallway 1 Floor L1,Hallway C001L1
MSTAI00323,1316.171066390533,378.01714753044456,3,Faulkner,STAI,Stairs,Stairs
GHALL00402,1230.0,1820.0,2,BTM,HALL,Hall Node 4 Floor 2,Hall
BHALL02302,2912.0,963.0,2,BTM,HALL,Hallway Intersection 23 Level 2,Hallway B2302
KLABS00201,937.0,909.9583347664561,1,Faulkner,LABS,Endoscopy,Labs K0201
IHALL01903,2492.0,851.0,3,BTM,HALL,Hallway Node 19,H19
GSTAI008L1,1720.0,2131.0,-1,BTM,STAI,Stairs MapNode 8 Floor L1,L1 Stairs
XHALL16302,3772.0,2316.0,2,BTM,HALL,FLEX Entry Hall,FLEX Entry Hall
HHALL00902,1740.0,1280.0,2,BTM,HALL,Hallway Connector 9,Hallway H00902
WHALL00502,2085.0,1280.0,2,BTM,HALL,Hallway Connector 5 Floor 2,Hallway W0502
HHALL00903,1735.0,820.0,3,BTM,HALL,Hallway Connector 9,Hallway H00903
DEXIT00102,4295.0,750.0,2,BTM,EXIT,15 Lobby Entrance,15 Lobby Entrance
DHALL05102,3575.0,825.0,2,BTM,HALL,Hallway 51 Floor 2,Hallway D5102
HBATH00203,1750.0,985.0,3,BTM,BATH,Restroom,Bathroom 0203
DSTAI00102,4650.0,675.0,2,BTM,STAI,Staircase1 Floor2,Staircase1
NSERV01004,2022.0,1185.6295458549023,4,Faulkner,SERV,Lockers,SERV N1004
BHALL01002,2713.0,902.0,2,BTM,HALL,Hallway Intersection 10 Level 2,Hallway B1002
ALABS00103,1611.0,2678.0,3,BTM,LABS,Innovation Hub,Innovation Hub
IHALL00603,2772.0,1290.0,3,BTM,HALL,Hallway Node 6,H6
MSTAI00310,1222.0281338232298,1063.7889714293829,3,Faulkner,STAI,Stairs,Stairs
FHALL02101,1769.0,1146.0,1,BTM,HALL,Tower Hallway Entrance,Tower Entrance 2
GHALL001L2,1730.0,1584.0,-2,BTM,HALL,Hallway MapNode 1 Floor L2,Hall
AHALL0020G,1623.0,2531.0,0,BTM,HALL,Hall,Hall
GHALL01502,1502.0,1781.0,2,BTM,HALL,Hall Node 15 Floor 2,Hall
KHALL00101,1257.2639762845765,832.0000000000002,1,Faulkner,HALL,Hallway Intersection 1 Level 1,Hallway K0101
GHALL01501,1749.0,2224.0,1,BTM,HALL,Hallway MapNode 15 Floor 1,Hall
GEXIT00101,1751.0,1825.0,1,BTM,EXIT,Francis Street Exit Floor 1,Francis Street Exit
GSTAI00903,1685.0,2052.0,3,BTM,STAI,Staircase Node 9 Floor 3,Floor 3 Stairs
GELEV00N03,1628.0,1904.0,3,BTM,ELEV,Elevator N,Elevator N Floor 3
GELEV00N02,1630.0,1931.0,2,BTM,ELEV,Elevator N,Elevator N Floor 1
GELEV00N01,1647.0,1930.0,1,BTM,ELEV,Elevator N,Hall
NDEPT01104,1281.9160593590873,850.6862378422901,4,Faulkner,DEPT,Pulmonary Services,DEPT N1104
DHALL04002,3910.0,685.0,2,BTM,HALL,Hallway 40 Floor 2,Hallway D4002
FSERV00201,1605.0,1029.0,1,BTM,SERV,Tower Medical Cashier,Tower Cashier
EHALL03401,2835.0,1460.0,1,BTM,HALL,Hallway Node 32 Floor 1,HallE32
WELEV00H01,2735.0,1070.0,1,BTM,ELEV,Elevator H,Elevator H1
WELEV00H02,2725.0,1065.0,2,BTM,ELEV,Elevator H,Elevator H2
WELEV00H03,2715.0,1075.0,3,BTM,ELEV,Elevator H,Elevator H3
FHALL03201,1758.0,1029.0,1,BTM,HALL,Tower Hallway 13,Hallway F03201
GHALL012L2,1512.0,1966.0,-2,BTM,HALL,Hallway MapNode 12 Floor L2,Hall
AHALL0130G,1582.0,2533.0,0,BTM,HALL,Hall,Hall
IDEPT00303,2730.0,1315.0,3,BTM,DEPT,General Surgical Specialties Suite A,D3
IREST00403,2300.0,1018.0,3,BTM,REST,Restroom,R4
DHALL03102,4130.0,650.0,2,BTM,HALL,Hallway 31 Floor 2,Hallway D3102
GHALL03301,1255.0,1872.0,1,BTM,HALL,Hallway MapNode 33 Floor 1,Hall
BDEPT00502,2623.0,1018.0,2,BTM,DEPT,Ear Nose & Throat,DEPT B0502
GHALL03302,1692.0,2124.0,2,BTM,HALL,Hall Node 33 Floor 2,Hall
NHALL02904,1913.0,1219.0,4,Faulkner,HALL,Hall 29,HALL N2904
PELEV00205,1149.0000000000005,1176.7485386111655,5,Faulkner,ELEV,Elevator Y,ELEVY
LHALL01903,1256.415237705795,264.71225120831,3,Faulkner,HALL,Hall,Hall
CHALL007L2,1730.0,1009.0,-2,BTM,HALL,Hallway 7 Floor L2,Hallway C007L2
EHALL02301,3325.0,870.0,1,BTM,HALL,Hallway Node 21 Floor 1,HallE21
CHALL007L1,2130.0,1045.0,-1,BTM,HALL,Hallway 7 Floor L1,Hallway C007L1
ADEPT0020G,1552.0,2843.0,0,BTM,DEPT,Infusion Waiting Area ,Infusion Waiting Area
LHALL01902,1250.0,288.0,2,Faulkner,HALL,Hallway Intersection 19 Level 2,HALL L2019
LDEPT01002,1637.587972960601,1204.9999999999998,2,Faulkner,DEPT,Psychiatric Inpatient Care,DEPT L2010
PDEPT00405,1274.5823331965537,517.9999999999998,5,Faulkner,DEPT,Endocrinology/Diabetes/Hem-Onc,DEPT004
ACONF0010G,1671.0,2648.0,0,BTM,CONF,Schlagler Innovation Lobby,Schlagler Lobby
DHALL02002,4310.0,585.0,2,BTM,HALL,Hallway 20 Floor 2,Hallway D2002
NREST00304,1281.7647425215134,344.2827672633665,4,Faulkner,REST,Restroom,REST N0304
KHALL01601,1257.0000000000007,303.66330502015916,1,Faulkner,HALL,Hallway Intersection 16 Level 1,Hallway K1601
EHALL01201,2610.0,954.0,1,BTM,HALL,Hallway Node 10 Floor 1,HallE10
LHALL00803,1302.5906200609825,838.4471826911434,3,Faulkner,HALL,Hall,Hall
DDEPT00402,3425.0,870.0,2,BTM,DEPT,Waiting Room,Waiting Room
PCONF00305,1224.751101375024,552.9999999999997,5,Faulkner,CONF,Suite 5940,CONF003
LHALL00802,1152.5914697309208,1205.000000000001,2,Faulkner,HALL,Hallway Intersection 8 Level 2,HALL L2008
CREST003L1,2300.0,879.0,-1,BTM,REST,Restroom,Restroom C003L1
KSERV00101,1373.0414578769723,942.0000000000006,1,Faulkner,SERV,Linens,Service K0101
PDEPT01505,2305.873606921524,1214.2515812326542,5,Faulkner,DEPT,Oncology Clinic east,DEPT014
PHALL02805,1078.0,1214.0,5,Faulkner,HALL,Hall 28,HALL028
EINFO00101,2460.0,850.0,1,BTM,INFO,Connors Center Security Desk,Security 1
BHALL02902,2782.0,1091.0,2,BTM,HALL,Hallway Intersection 29 Level 2,Hallway B2902
KLABS00401,1274.555539401179,863.0000000000005,1,Faulkner,LABS,PULM Lab,Labs K0401
BHALL00502,2385.0,902.0,2,BTM,HALL,Hallway Intersection 5 Level 2,Hallway B0502
NHALL00504,987.7797678521842,1218.9999999999993,4,Faulkner,HALL,Hall 5,HALL N0504
KHALL00301,1400.0,832.0,1,Faulkner,HALL,Hallway Intersection 3 Level 1,Hallway K0301
GELEV00QL1,1637.0,2116.0,-1,BTM,ELEV,Elevator Q,Elevator Q L1
DHALL05302,3525.0,840.0,2,BTM,HALL,Hallway 53 Floor 2,Hallway D5302
GELEV00QL2,1625.0,2089.0,-2,BTM,ELEV,Elevator Q,Elevator Q L2
BSTAI00802,2554.0,1316.0,2,BTM,STAI,Staircase Intersection 8 Level 2,Stair B0802
HHALL00302,2035.0,900.0,2,BTM,HALL,Hallway Connector 3,Hallway H00302
HHALL00303,1325.0,985.0,3,BTM,HALL,Hallway Connector 3,Hallway H00303
PREST00205,1220.8651796274737,314.9882451837968,5,Faulkner,REST,Restroom B,RESTB
PHALL01505,1250.0,611.0,5,Faulkner,HALL,Hall 15,HALL015
DSTAI00702,3855.0,565.0,2,BTM,STAI,Staircase7 Floor2,Staircase7
BHALL01602,2721.0,750.0,2,BTM,HALL,Hallway Intersection 16 Level 2,Hallway B1602
BREST00302,2225.0,1280.0,2,BTM,REST,Restroom,REST B0302
NHALL01604,1146.1173322197471,478.8973292633428,4,Faulkner,HALL,Hall 16,HALL N1604
EREST00301,2790.0,1190.0,1,BTM,REST,Restroom,Restroom H1
DHALL04202,3870.0,540.0,2,BTM,HALL,Hallway 42 Floor 2,Hallway D4202
NSERV00504,1275.2675443239975,966.7350739230303,4,Faulkner,SERV,House Keeping,SERV N0504
FHALL03001,1645.0,1246.0,1,BTM,HALL,Lobby Hallway 5,Hallway F02701
KREST00101,1185.9999999999998,491.8035349942048,1,Faulkner,REST,Restroom 1 Level 1,Restroom K0101
EHALL03601,2760.0,1405.0,1,BTM,HALL,Hallway Node 34 Floor 1,HallE34
HHALL01403,1735.0,1030.0,3,BTM,HALL,Hallway Connector 14,Hallway H01403
ACONF00103,1648.0,2968.0,3,BTM,CONF,BTM Conference Center,BTM Conference
MRETL00311,1219.8095223853727,968.2176419257312,3,Faulkner,RETL,Gift Shop,Gift Shop
ACONF00102,1580.0,2538.0,2,BTM,HALL,Hall,Hall
PHALL00405,1199.1498009567797,291.4121024091449,5,Faulkner,HALL,Hall 4,HALL004
MRETL00314,1259.08981225675,561.3776232991879,3,Faulkner,RETL,Caffeteria Hall enterance,Caffeteria
WELEV00J03,2365.0,800.0,3,BTM,ELEV,Elevator J,Elevator J3
WELEV00J01,2385.0,810.0,1,BTM,ELEV,Elevator J,Elevator J1
MRETL00313,1302.5906200609825,654.012578599067,3,Faulkner,RETL,Caffeteria Hall enterance,Caffeteria
WELEV00J02,2385.0,800.0,2,BTM,ELEV,Elevator J,Elevator J2
NDEPT02004,2191.9999999999986,1185.6295458549023,4,Faulkner,DEPT,Spine FAC,DEPT N2004
DELEV00C02,3955.0,885.0,2,BTM,ELEV,Elevator C,Elevator C2
LSERV00602,641.6225455028047,1205.000000000001,2,Faulkner,SERV,Mechanical Space,SERVF L2006
GHALL02002,1684.0,1801.0,2,BTM,HALL,Hall Node 20 Floor 2,Hall
BDEPT00702,2945.0,775.0,2,BTM,DEPT,Plastic Surgery,DEPT B0702
DHALL03302,4000.0,645.0,2,BTM,HALL,Hallway 33 Floor 2,Hallway D3302
EHALL02501,2925.0,980.0,1,BTM,HALL,Hallway Node 23 Floor 1,HallE23
WELEV00L03,1790.0,925.0,3,BTM,ELEV,Elevator L,Elevator L3
BINFO00102,2962.0,963.0,2,BTM,INFO,Information Desk,INFO B0102
PDEPT00605,1278.468254944104,690.9999999999995,5,Faulkner,DEPT,Abulatory Care 1,DEPT006
BSERV00102,2853.0,1067.0,2,BTM,SERV,Patient Financial Services,SERV B0102
HSERV00103,1750.0,865.0,3,BTM,SERV,Nursing Room,Nursing Room
BHALL03802,2279.0,786.0,2,BTM,HALL,Hallway Intersection 38 Level 2,Hallway B3802
CLABS004L1,2320.0,1284.0,-1,BTM,LABS,Ultrasound Lab,Lab C004L1
KHALL01801,1113.0,586.0,1,Faulkner,HALL,Hallway Intersection 18 Level 1,Hallway K1801
DHALL02202,4280.0,475.0,2,BTM,HALL,Hallway 22 Floor 2,Hallway D2202
EHALL01401,2660.0,979.0,1,BTM,HALL,Hallway Node 12 Floor 1,HallE12
PCONF00505,1265.9999999999998,1248.5237991247445,5,Faulkner,CONF,Vacant,CONF005
KSERV00301,1054.0000000000005,487.7553801188003,1,Faulkner,SERV,Admitting,Service K0301
DDEPT00202,4240.0,730.0,2,BTM,DEPT,Thoracic Surgery Clinic,Thoracic Surgery Clinic
PDEPT01705,1078.0,1181.3202112553424,5,Faulkner,DEPT,Residents,DEPT017
LDEPT00102,772.4356950085977,1119.4095976611586,2,Faulkner,DEPT,Biomedical Engineering,DEPT L2001
PHALL02605,1217.0,1214.0,5,Faulkner,HALL,Hall 26,HALL026
CHALL005L2,1745.0,1280.0,-2,BTM,HALL,Hallway 5 Floor L2,Hallway C005L2
CHALL005L1,1750.0,1284.0,-1,BTM,HALL,Hallway 5 Floor L1,Hallway C005L1
DCONF00102,4595.0,550.0,2,BTM,CONF,Carrie M. Hall Conference Center,Conference Center
KLABS00601,1400.0000000000011,497.33447932821264,1,Faulkner,LABS,MRI/CT,Labs K0601
BHALL02702,3296.0,1043.0,2,BTM,HALL,Hallway Intersection 27 Level 2,Hallway B2702
NELEV00Y04,1169.6929457395527,1152.9999999999998,4,Faulkner,ELEV,Elevator 1 Level 4,ELEV N0104
DHALL05502,3450.0,850.0,2,BTM,HALL,Hallway 55 Floor 2,Hallway D5502
NHALL00704,1250.0,1219.0,4,Faulkner,HALL,Hall 7,HALL N0704
BHALL00302,2238.0,1028.0,2,BTM,HALL,Hallway Intersection 3 Level 2,Hallway B0302
KHALL00501,1400.0,740.0,1,Faulkner,HALL,Hallway Intersection 5 Level 1,Hallway K0501
PLABS00105,1220.4080123630558,991.9999999999997,5,Faulkner,LABS,X-Ray,LABS001
BLABS00202,2945.0,995.0,2,BTM,LABS,Outpatient Specimen Collection,Labs B0202
PHALL01305,1250.0,518.0,5,Faulkner,HALL,Hall 13,HALL013
EHALL00301,2240.0,910.0,1,BTM,HALL,Hallway Node 1 Floor 1,Hall 01
WHALL00902,1690.0,2240.0,2,BTM,HALL,Hallway Connector 9 Floor 2,Hallway W0902
KELEV00Y01,1196.0,1157.0,1,Faulkner,ELEV,Elevator Y Level 1,Elevator 0Y01
HHALL00502,1825.0,1025.0,2,BTM,HALL,Hallway Connector 5,Hallway H00502
NSERV01404,987.7797678521842,1179.35982958864,4,Faulkner,SERV,Admin,SERV N1404
HHALL00503,1680.0,1290.0,3,BTM,HALL,Hallway Connector 5,Hallway H00502
GSTAI00501,1707.0,1992.0,1,BTM,STAI,Stairway MapNode 5 Floor 1,Northbound Stairs Floor 2
BHALL01402,3296.0,880.0,2,BTM,HALL,Hallway Intersection 14 Level 2,Hallway B1402
DSTAI00502,4065.0,630.0,2,BTM,STAI,Staircase5 Floor2,Staircase5
GHALL01103,1628.0,2070.0,3,BTM,HALL,Hallway Node 11 Floor 3,Hall
GHALL01102,1396.0,1781.0,2,BTM,HALL,Hall Node 11 Floor 2,Hall
BREST00102,2177.0,1010.0,2,BTM,REST,Restroom,REST B0102
DHALL04402,3860.0,725.0,2,BTM,HALL,Hallway 44 Floor 2,Hallway D4402
NHALL01804,1194.8333437875133,287.476110664911,4,Faulkner,HALL,Hall 18,HALL N1804
ADEPT00201,1720.0,2847.0,1,BTM,DEPT,MS Waiting,MS Waiting
EREST00101,2950.0,730.0,1,BTM,REST,Restroom,Restroom G1
GREST03102,1628.0,2092.0,2,BTM,REST,Restroom,Handicap Accessible Restrooms Shapiro Floor 2
GDEPT00403,1580.0,2142.0,3,BTM,DEPT,Brigham Circle Medical Associates,BCMA
KREST00301,1284.4563537663305,501.5947784711205,1,Faulkner,REST,Restroom 3 Level 1,Restroom K0301
PHALL00205,1143.375328308673,444.8237482784242,5,Faulkner,HALL,Hall 2,HALL002
NSERV00304,1276.0840768616679,531.0656966035799,4,Faulkner,SERV,Suites,SERV N0304
DELEV00A02,4550.0,375.0,2,BTM,ELEV,Elevator A,Elevator A2
WELEV00L01,1810.0,930.0,1,BTM,ELEV,Elevator L,Elevator L1
WELEV00L02,1805.0,925.0,2,BTM,ELEV,Elevator L,Elevator L2
GHALL02202,1720.0,1801.0,2,BTM,HALL,Hall Node 22 Floor 2,Hall
GHALL02201,1601.0,1866.0,1,BTM,HALL,Hallway MapNode 22 Floor 1,Hall
ARETL00101,1619.0,2522.0,1,BTM,RETL,Cafe,Cafe
KHALL00801,1113.0,515.0,1,Faulkner,HALL,Hallway Intersection K00801,Hallway K0801
EHALL02701,3085.0,1000.0,1,BTM,HALL,Hallway Node 25 Floor 1,HallE25
DHALL03502,3945.0,790.0,2,BTM,HALL,Hallway 35 Floor 2,Hallway D3502
KSTAI00101,1224.0753309478719,1080.0000000000007,1,Faulkner,STAI,Staircase Intersection 1 Level 1,Stair K0101
GSERV02301,1600.0,1895.0,1,BTM,SERV,ATM,ATM Floor 1
GHALL008L2,1577.0,2195.0,-2,BTM,HALL,Hallway MapNode 8 Floor L2,Hall
LELEV00Y02,1152.5914697309204,1167.9635266753971,2,Faulkner,ELEV,Elevator 1 Level 2,ELEV L2001
CDEPT002L1,1980.0,844.0,-1,BTM,DEPT,Day Surgery Family Waiting,Department C002L1
XHALL15902,3378.0,1573.0,2,BTM,HALL,45 sidewalk,45 sidewalk
NHALL00204,538.0,1219.0,4,Faulkner,HALL,Hall 2,HALL N0204
EHALL01601,2910.0,910.0,1,BTM,HALL,Hallway Node 14 Floor 1,HallE14
DHALL02402,4280.0,435.0,2,BTM,HALL,Hallway 24 Floor 2,Hallway D2402
AHALL00602,1683.0,2543.0,2,BTM,HALL,Hall,Hall
AHALL00603,1580.0,2858.0,3,BTM,HALL,HallNode,HallNode
FSTAI00101,2026.0,892.0,1,BTM,STAI,Lobby Shattuck Street Stairs,Stairway F00101
GDEPT02402,1578.0,1932.0,2,BTM,DEPT,Watkins A,Watkins A
AHALL00601,1678.0,2865.0,1,BTM,HALL,Hall,Hall
IHALL01303,2323.0,1034.0,3,BTM,HALL,Hallway Node 13,H13
WELEV00M01,1810.0,1280.0,1,BTM,ELEV,Elevator M,Elevator M1
NLABS00104,314.6131289066566,1263.1394896140625,4,Faulkner,LABS,Medical Records,LABS N0104
LSERV00102,721.6615098560044,705.9124226379687,2,Faulkner,SERV,Facilities 1,SERVF L2001
IDEPT00803,2492.0,887.0,3,BTM,DEPT,Fetal Med & Genetics,D8
PSTAI00105,153.0,1228.0,5,Faulkner,STAI,Staircase A,STAIRA
AELEV00SL2,1630.0,2742.0,-2,BTM,ELEV,Elevator S,Elevator S L2
NHALL01304,1249.9999999999995,641.3987954116518,4,Faulkner,HALL,Hall 13,HALL N1304
AHALL0080G,1602.0,2706.0,0,BTM,HALL,Hall,Hall
DHALL05702,3480.0,790.0,2,BTM,HALL,Hallway 57 Floor 2,Hallway D5702
ASTAI0010G,1622.0,2556.0,0,BTM,STAI,Schlagler Stairs,Schlager Stairs
EHALL00501,2290.0,910.0,1,BTM,HALL,Hallway Node 3 Floor 1,HallE03
DHALL01102,4605.0,655.0,2,BTM,HALL,Hallway 11 Floor 2,Hallway D1102
BINFO00202,3136.0,963.0,2,BTM,INFO,Valet Service,INFO B0202
CSERV001L1,2490.0,1043.0,-1,BTM,SERV,Volunteers Floor,Service C001L1
ELABS00201,2790.0,1290.0,1,BTM,LABS,Ambulatory X-Ray,X-Ray 1
CSERV001L2,2015.0,1280.0,-2,BTM,SERV,Interpreter Services,Service C001L2
GREST00602,1284.0,1821.0,2,BTM,REST,Restroom,Restroom 1 Shapiro Floor 2
PHALL01905,1250.0,847.0,5,Faulkner,HALL,Hall 19,HALL019
ASTAI00101,1642.0,2596.0,1,BTM,STAI,Cafe Stairs,Cafe Staris
ASTAI00102,1650.0,2602.0,2,BTM,STAI,Stairs,Stairs Floor 2
GSTAI02602,1686.0,1931.0,2,BTM,STAI,Stairs Node 26 Floor 2,Floor 2 Stairs Upper
PDEPT00105,1199.1498009567797,268.8604020531861,5,Faulkner,DEPT,ENT/Eye/Physical/Dermatologist,DEPT001
NHALL02404,1465.0,1219.0,4,Faulkner,HALL,Hall 24,HALL N2404
FHALL00801,1758.0,850.0,1,BTM,HALL,Tower Hallway 1,Hallway F00801
BDEPT00202,2166.0,1039.0,2,BTM,DEPT,Oral Medicine and Dentistry,DEPT B0202
KHALL01901,1284.4563537663305,528.0000000000005,1,Faulkner,HALL,Hallway Intersection 19 Level 1,Hallway K1901
DHALL04602,3825.0,760.0,2,BTM,HALL,Hallway 46 Floor 2,Hallway D4602
XELEV 1502,3739.0,2252.0,2,BTM,ELEV,Elevator T,FLEX Elevator
NSERV00904,1912.9999999999975,1247.101789269332,4,Faulkner,SERV,Finance 2,SERV N0904
WELEV00LL1,1785.0,924.0,-1,BTM,ELEV,Elevator L,Elevator LL1
FEXIT00201,1748.0,1321.0,1,BTM,EXIT,75 Francis Valet Drop-off,75 Francis Exit
HHALL01002,2055.0,1280.0,2,BTM,HALL,Hallway Connector 10,Hallway H01002
WELEV00LL2,1785.0,924.0,-2,BTM,ELEV,Elevator L,Elevator LL2
HHALL01003,1785.0,820.0,3,BTM,HALL,Hallway Connector 10,Hallway H01003
GHALL00901,1707.0,2164.0,1,BTM,HALL,Hallway MapNode 9 Floor 1,Hall
LHALL02002,1250.0,410.0,2,Faulkner,HALL,Hallway Intersection 20 Level 2,HALL L2020
PHALL00805,1355.7295226306958,347.44712095745365,5,Faulkner,HALL,Hall 8,HALL008
PDEPT01205,1175.98953584276,1112.28795432827,5,Faulkner,DEPT,Nursing Staff Development,DEPT012
IHALL03504,386.67535396348853,1218.9999999999993,4,Faulkner,HALL,Hall 35,HALL 3505
KLABS00701,1752.0000000000016,1175.9441111878089,1,Faulkner,LABS,Labs,Labs K0701
FHALL01901,1758.0,1120.0,1,BTM,HALL,Tower Hallway 11,Hallway F01901
BHALL00902,2330.0,590.0,2,BTM,HALL,Hallway Intersection 9 Level 2,Hallway B0902
NHALL00404,911.0,1219.0,4,Faulkner,HALL,Hall 4,HALL N0404
EHALL02901,2770.0,1070.0,1,BTM,HALL,Hallway Node 27 Floor 1,HallE27
CHALL009L2,1730.0,849.0,-2,BTM,HALL,Hallway 9 Floor L2,Hallway C009L2
DHALL03702,3965.0,860.0,2,BTM,HALL,Hallway 37 Floor 2,Hallway D3702
CHALL009L1,2220.0,904.0,-1,BTM,HALL,Hallway 9 Floor L1,Hallway C009L1
IHALL02203,2362.0,764.0,3,BTM,HALL,Hallway Node 22,H22
DSTAI00802,3535.0,645.0,2,BTM,STAI,Staircase8 Floor2,Staircase8
XHALL15702,3281.0,1134.0,2,BTM,HALL,45 sidewalk,45 sidewalk
FHALL02801,1748.0,1280.0,1,BTM,HALL,Lobby Entrance Hallway,HallwayF02801
GHALL03101,1227.0,1859.0,1,BTM,HALL,Hallway MapNode 31 Floor 1,Hall
NHALL01504,1249.9999999999995,478.8973292633428,4,Faulkner,HALL,Hall 15,HALL N1504
BREST00402,2554.0,1389.0,2,BTM,REST,Restroom,REST B0402
EHALL01801,2925.0,910.0,1,BTM,HALL,Hallway Node 16 Floor 1,HallE16
NREST00104,911.0,1251.422054645472,4,Faulkner,REST,Restroom,REST N0104
WHALL01002,1690.0,2455.0,2,BTM,HALL,Hallway Connector 10 Floor 2,Hallway W1002
AHALL00801,1532.0,2739.0,1,BTM,HALL,Hall,Hall
DHALL02602,4270.0,650.0,2,BTM,HALL,Hallway 26 Floor 2,Hallway D2602
FSTAI00301,1947.0,1239.0,1,BTM,STAI,Lobby Escalator,Lobby Escalator
IHALL01103,2922.0,1075.0,3,BTM,HALL,Hallway Node 11,H11
PSTAI00305,2351.0,1243.0,5,Faulkner,STAI,Staircase C,STAIRC
LSERV00302,722.8224151350591,981.0000000000008,2,Faulkner,SERV,Facilities 2,SERVF L2003
FDEPT00101,1617.0,825.0,1,BTM,DEPT,Center for International Medicine,CIM
NHALL02604,1698.0,1219.0,4,Faulkner,HALL,Hall 26,HALL N2604
BHALL00702,2672.0,902.0,2,BTM,HALL,Hallway Intersection 7 Level 2,Hallway B0702
DHALL01302,4545.0,460.0,2,BTM,HALL,Hallway 13 Floor 2,Hallway D1302
PSTAI00505,1317.0,405.0,5,Faulkner,STAI,Staircase E,STAIRE
EHALL00701,2385.0,860.0,1,BTM,HALL,Hallway Node 5 Floor 1,HallE05
FRETL00101,1973.0,844.0,1,BTM,RETL,Lobby Vending Machine,VM Lobby
NDEPT00804,1378.6127163598273,342.1684278427811,4,Faulkner,DEPT,HVMA Neurology,DEPT N0804
GDEPT03502,1580.0,2166.0,2,BTM,DEPT,Watkins B,Watkins B
HHALL00102,1875.0,925.0,2,BTM,HALL,Hallway Connector 1,Hallway H00102
HHALL00103,1325.0,655.0,3,BTM,HALL,Hallway Connector 1,Hallway H00103
FINFO00101,1700.0,1226.0,1,BTM,INFO,75 Lobby Information Desk,Lobby Info Desk
DHALL05902,3420.0,850.0,2,BTM,HALL,Hallway 59 Floor 2,Hallway D5902
BSTAI00602,3217.0,886.0,2,BTM,STAI,Staircase Intersection 6 Level 2,Stair B0602
PDEPT00305,1379.959387644834,347.44712095745365,5,Faulkner,DEPT,BWH Surgical Specialties,DEPT003
PHALL01705,1250.0,750.0,5,Faulkner,HALL,Hall 17,HALL017
FHALL00601,1869.0,930.0,1,BTM,HALL,Tower Lobby Entrance 1,Tower Entrance
BDEPT00402,2439.0,902.0,2,BTM,DEPT,Jen Center for Primary Care,DEPT B0402
BHALL01802,2610.0,953.0,2,BTM,HALL,Hallway Intersection 18 Level 2,Hallway B1802
DLABS00102,3830.0,775.0,2,BTM,LABS,MRI Associates Lab,MRI Associates
DHALL00202,4750.0,1080.0,2,BTM,HALL,Hallway 2 Floor 2,Hallway D0202
NSERV00704,1863.9999999999993,1247.97373598443,4,Faulkner,SERV,Compliance,SERV N0704
HHALL01203,1600.0,820.0,3,BTM,HALL,Hallway Connector 12,Hallway H01203
NDEPT01904,2110.0,1245.3578958391352,4,Faulkner,DEPT,BWH Plastics,DEPT N1904
DHALL04802,3655.0,805.0,2,BTM,HALL,Hallway 48 Floor 2,Hallway D4802
GSTAI01301,1750.0,2014.0,1,BTM,STAI,Staircase MapNode 13 Floor 1,Southbound Stairs Floor 1
PHALL00605,1297.8978636818565,291.21554743407626,5,Faulkner,HALL,Hall 6,HALL006
LHALL02202,1348.9999999999993,467.93123577617126,2,Faulkner,HALL,Hall,Hall
PDEPT01405,1344.7575082846708,1213.9999999999993,5,Faulkner,DEPT,Oncology Clinic west,DEPT014
LDEPT00402,1459.640310341893,1065.9999999999995,2,Faulkner,DEPT,Occupational Therapy,DEPT L2004
GINFO01902,1630.0,1821.0,2,BTM,INFO,Shapiro Information Center,Information Center Shapiro Floor 2
FHALL01701,1721.0,956.0,1,BTM,HALL,Tower Hallway 9,Hallway F01701
KDEPT00301,2243.8561932233783,1150.551243745419,1,Faulkner,DEPT,Operation Room,Department K0301
HDEPT00102,2055.0,1330.0,2,BTM,DEPT,Endoscopy,Endoscopy
HDEPT00103,1725.0,900.0,3,BTM,DEPT,Dialysis Waiting Room,Dialysis WR
DREST00102,4125.0,625.0,2,BTM,REST,Restroom,Restroom B
DHALL03902,3980.0,910.0,2,BTM,HALL,Hallway 39 Floor 2,Hallway D3902
LHALL01103,1208.6130007500165,465.61320520697353,3,Faulkner,HALL,Hall,Hall
FHALL02601,2026.0,1239.0,1,BTM,HALL,Lobby Hallway 4,Hallway F02601
LHALL01102,1433.0,1124.0,2,Faulkner,HALL,Hallway Intersection 11 Level 2,HALL L2011
GHALL01802,1630.0,1801.0,2,BTM,HALL,Hall Node 18 Floor 2,Hall
GHALL004L1,1666.0,2167.0,-1,BTM,HALL,Hallway MapNode 4 Floor L1,Hall
HRETL00302,1825.0,1080.0,2,BTM,RETL,Gift Shop Tower,Gift Shop
GSERV01603,1580.0,1858.0,3,BTM,SERV,The Porch,The Porch
DHALL02802,4220.0,660.0,2,BTM,HALL,Hallway 28 Floor 2,Hallway D2802
AHALL00202,1590.0,2604.0,2,BTM,HALL,Hall,Hall
WHALL002L2,1745.0,1539.0,-2,BTM,HALL,Hallway Connector 2 Floor L2,Hallway W02L2
AHALL00203,1600.0,2732.0,3,BTM,HALL,Hall,Hall
AHALL00201,1608.0,2596.0,1,BTM,HALL,Hall,Hall
FDEPT00301,1721.0,931.0,1,BTM,DEPT,Multifaith Chapel,Chapel
IREST00103,2255.0,1255.0,3,BTM,REST,Restroom,R1
IHALL01703,2323.0,851.0,3,BTM,HALL,Hallway Node 17,H17
BHALL04402,3063.0,963.0,2,BTM,HALL,Hallway Intersection 44 Level 2,Hallway B4402
GHALL02902,1728.0,2042.0,2,BTM,HALL,Hall Node 29 Floor 2,Hall
GHALL02901,1262.0,1850.0,1,BTM,HALL,Hallway MapNode 29 Floor 1,Hall
GLABS003L2,1729.0,2089.0,-2,BTM,LABS,Cardiovascular Imaging Center,Cardiovascular Imaging Center
IDEPT00403,2738.0,1227.0,3,BTM,DEPT,General Surgical Specialties Suite B,D4
EHALL00901,2585.0,910.0,1,BTM,HALL,Hallway Node 7 Floor 1,HallE07
WHALL00302,2085.0,900.0,2,BTM,HALL,Hallway Connector 3 Floor 2,Hallway W0302
NDEPT00604,1119.26096404768,311.23162160608337,4,Faulkner,DEPT,HVMA Internal Medicine,DEPT N0604
AHALL0040G,1528.0,2531.0,0,BTM,HALL,Hall,Hall
DHALL01502,4555.0,390.0,2,BTM,HALL,Hallway 15 Floor 2,Hallway D1502
AHALL001L2,1627.0,2782.0,-2,BTM,HALL,Hallway to Elevator,Hall
PHALL03005,818.0,1214.0,5,Faulkner,HALL,Hall 30,HALL030
CHALL011L1,2360.0,849.0,-1,BTM,HALL,Hallway 11 Floor L1,Hallway C011L1
FHALL00401,1973.0,910.0,1,BTM,HALL,Shattuck Street Lobby 2,Hallway F00401
BHALL03102,2554.0,1280.0,2,BTM,HALL,Hallway Intersection 31 Level 2,Hallway B3102
IHALL00403,2570.0,1290.0,3,BTM,HALL,Hallway Node 4,H4
GLABS014L2,1512.0,1844.0,-2,BTM,LABS,Cardiac Stress Test Lab,Cardiac Stress Test Lab
NHALL02004,1250.0,415.0,4,Faulkner,HALL,Hall 20,HALL N2004
NDEPT01704,1781.999999999998,1187.809412642648,4,Faulkner,DEPT,SURGSPEC,DEPT N1704
AHALL0150G,1598.0,2532.0,0,BTM,HALL,Hall,Hall
DHALL00402,4785.0,975.0,2,BTM,HALL,Hallway 4 Floor 2,Hallway D0402
FREST00101,2091.0,976.0,1,BTM,REST,Restroom,Bathroom Lobby
FHALL01501,1627.0,1060.0,1,BTM,HALL,Tower Hallway 7,Hallway F01501
BHALL02002,2761.0,1032.0,2,BTM,HALL,Hallway Intersection 20 Level 2,Hallway B2002
LDEPT00602,772.9142797019116,705.9124226379688,2,Faulkner,DEPT,Pharmacy,DEPT L2006
NHALL03104,2022.0,1219.0,4,Faulkner,HALL,Hall 31,HALL N3104
GHALL00502,1283.0,1781.0,2,BTM,HALL,Hall Node 5 Floor 2,Hall
AREST00101,1556.0,2604.0,1,BTM,REST,Restroom,Restroom
KDEPT00101,900.583624038739,831.9999999999985,1,Faulkner,DEPT,Emergency Department,Department K0101
AREST00103,1552.0,2854.0,3,BTM,REST,Restroom BTM Conference Center,Restroom
DREST00302,3635.0,830.0,2,BTM,REST,Restroom,Restroom C-D
CDEPT004L1,2310.0,1043.0,-1,BTM,DEPT,Medical Records Film Library,Department C004L1
LHALL01303,1329.6158245955976,275.02786082640887,3,Faulkner,HALL,Hall,Hall
LHALL01302,1433.0,944.0,2,Faulkner,HALL,Hallway Intersection 13 Level 2,HALL L2013
FHALL02401,1965.0,1280.0,1,BTM,HALL,Lobby Hallway 2,Hallway F02401
GHALL006L1,1665.0,2116.0,-1,BTM,HALL,Hallway MapNode 6 Floor L1,Hall
KHALL02101,1257.0,863.0,1,Faulkner,HALL,Hallway Intersection 21 Level 1,Hallway K2101
HRETL00102,1935.0,860.0,2,BTM,RETL,Garden Cafe,Garden Cafe
AHALL00402,1528.0,2745.0,2,BTM,HALL,Hall,Hall
AHALL00403,1650.0,2766.0,3,BTM,HALL,Hall,Hall
LHALL00205,1250.0,314.9882451837968,5,Faulkner,HALL,Hall,Hall
AHALL00401,1420.0,2737.0,1,BTM,HALL,Hall,Hall
LHALL00203,1257.6278995537018,1341.6811859586903,3,Faulkner,HALL,Hall,Hall
LHALL00204,1249.9999999999995,1052.1323656338952,4,Faulkner,HALL,Hall,Hall
LHALL00201,2008.818219869988,739.9999999999992,1,Faulkner,HALL,Hall,Hall
LHALL00202,747.0,705.9124226379688,2,Faulkner,HALL,Hallway Intersection 2 Level 2,HALL L2002
EEXIT00101,2275.0,785.0,1,BTM,EXIT,Ambulance Parking Exit,AmbExit 1
GHALL017L2,1512.0,1539.0,-2,BTM,HALL,Hallway MapNode 17 Floor L2,Hall
FDEPT00501,2128.0,1300.0,1,BTM,DEPT,Emergency Department,Emergency
BHALL04202,2761.0,1067.0,2,BTM,HALL,Hallway Intersection 42 Level 2,Hallway B04202
NSTAI00604,2334.6373296756765,1218.999999999998,4,Faulkner,STAI,Stair 6,STAI N0604
IHALL01503,2220.0,944.0,3,BTM,HALL,Hallway Node 15,H15
KSTAI00301,1299.208884962015,414.0000000000005,1,Faulkner,STAI,Staircase Intersection 3 Level 1,Staircase K0301
KHALL01001,866.1025272921237,514.9999999999995,1,Faulkner,HALL,Hallway Intersection K01001,Hallway K1001
AINFO0010G,1484.0,2710.0,0,BTM,INFO,BTM Security Desk,Security
NHALL01104,1249.9999999999995,910.7075192097243,4,Faulkner,HALL,Hall 11,HALL N1104
IDEPT00603,2333.0,764.0,3,BTM,DEPT,Maternal Fetal Practice,D6
WHALL00103,2060.0,1290.0,3,BTM,HALL,Hallway Connector 1 Floor 3,Hallway W0103
AHALL0060G,1595.0,2583.0,0,BTM,HALL,Hall,Hall
ESTAI00201,2275.0,830.0,1,BTM,STAI,Staircase J1 Floor 1,Stair J1
NDEPT00404,1223.0645307031095,531.0656966035799,4,Faulkner,DEPT,DB Cardiology,DEPT N0404
WHALL00102,3345.0,865.0,2,BTM,HALL,Hallway Connector 1 Floor 2,Hallway W0102
WHALL00101,2160.0,910.0,1,BTM,HALL,Hallway Connector 1 Floor 1,Hallway W0101
DHALL01702,4390.0,605.0,2,BTM,HALL,Hallway 17 Floor 2,Hallway D1702
AHALL003L2,1701.0,2734.0,-2,BTM,HALL,Hall,Hall
PDEPT01005,1224.979685007233,610.9999999999995,5,Faulkner,DEPT,Internal Medicine/Headache,DEPT010
BSTAI00202,2279.0,827.0,2,BTM,STAI,Staircase Intersection 2 Level 2,Stair B0202
FHALL00201,2026.0,910.0,1,BTM,HALL,Lobby Shattuck Street,Hallway F00201
IHALL00203,2323.0,1290.0,3,BTM,HALL,Hallway Node 2,H2
XEXIT  102,3063.0,1095.0,2,BTM,EXIT,45 Francis Entrance,45 Entrance
NCONF00104,1078.0,1247.3209524064653,4,Faulkner,CONF,Sadowsky Conference Room,CONF N0204
NHALL02204,1357.6790927030863,342.1684278427811,4,Faulkner,HALL,Hall 22,HALL N2204
NDEPT01504,1579.9999999999982,1187.809412642648,4,Faulkner,DEPT,Surgery Department,DEPT N1504
DHALL00602,4690.0,870.0,2,BTM,HALL,Hallway 6 Floor 2,Hallway D0602
FLABS00101,1845.0,1250.0,1,BTM,LABS,Obstetrics Admitting,Obs Admitting
FHALL01301,1627.0,825.0,1,BTM,HALL,Tower Hallway 5,Hallway F01301
GHALL00703,1685.0,2230.0,3,BTM,HALL,Hallway Node 7 Floor 3,Hall
GHALL00701,1708.0,2092.0,1,BTM,HALL,Hallway MapNode 7 Floor 1,Hall
HSTAI00302,1790.0,1230.0,2,BTM,STAI,Escalator 1,Escalator 1
LDEPT00802,1384.8634929861148,467.93123577617126,2,Faulkner,DEPT,Plastic Surgery,DEPT L2008
NHALL03304,2192.0,1219.0,4,Faulkner,HALL,Hall 33,HALL N3304
AHALL01001,1605.0,2568.0,1,BTM,HALL,Hall,Hall
HHALL00603,1735.0,925.0,3,BTM,HALL,Hallway Connector 6,Hallway H00603
NDEPT00104,386.67535396348853,1178.7739578402104,4,Faulkner,DEPT,Urology,DEPT N0104
NELEV00X04,1199.6533025292006,398.67944449097837,4,Faulkner,ELEV,Elevator 1 Level 4,ELEV N0304
DHALL05002,3630.0,810.0,2,BTM,HALL,Hallway 50 Floor 2,Hallway D5002
HBATH00102,1605.0,1008.0,2,BTM,BATH,Restroom,Bathroom 0102
HBATH00103,1785.0,830.0,3,BTM,BATH,Restroom,Bathroom 0103
BHALL00202,2279.0,902.0,2,BTM,HALL,Hallway Intersection 2 Level 2,Hallway B0202
PHALL01205,1250.0,481.39712943184037,5,Faulkner,HALL,Hall 12,HALL012
NSERV01104,2022.0,1245.7938691966845,4,Faulkner,SERV,Patient Relations,SERV N1104
WHALL00802,1720.0,1745.0,2,BTM,HALL,Hallway Connector 8 Floor 2,Hallway W0802
BLABS00102,2246.0,1350.0,2,BTM,LABS,Vascular Diagnostic Lab,Labs B0102
HHALL00602,1775.0,1080.0,2,BTM,HALL,Hallway Connector 6,Hallway H00602
DSTAI00202,4320.0,550.0,2,BTM,STAI,Staircase2 Floor2,Staircase2
FHALL02201,1769.0,1280.0,1,BTM,HALL,Hallway Lobby Entrance,Entrance Hallway
BHALL01302,3135.0,890.0,2,BTM,HALL,Hallway Intersection 13 Level 2,Hallway B1302
GHALL01402,1450.0,1820.0,2,BTM,HALL,Hall Node 14 Floor 2,Hall
GHALL01401,1749.0,2151.0,1,BTM,HALL,Hallway MapNode 14 Floor 1,Hall
IHALL00903,2649.0,1075.0,3,BTM,HALL,Hallway Node 9,H9
GELEV00Q01,1648.0,2161.0,1,BTM,ELEV,Elevator Q,Elevator Q Floor 1
NDEPT01204,1284.0130702730612,1052.1323656338952,4,Faulkner,DEPT,Lung Research,DEPT N1204
GELEV00Q03,1628.0,2142.0,3,BTM,ELEV,Elevator Q,Elevator Q Floor 3
GELEV00Q02,1628.0,2102.0,2,BTM,ELEV,Elevator Q,Elevator Q Floor 2
PHALL00102,4300.0,630.0,2,BTM,HALL,Kiosk,HALL
FSERV00501,1645.0,1280.0,1,BTM,SERV,75 Lobby Valet Cashier,Valet Cashier
EHALL03101,2790.0,1460.0,1,BTM,HALL,Hallway Node 29 Floor 1,HallE29
PHALL00105,1143.375328308673,481.39712943184037,5,Faulkner,HALL,Hall 1,HALL001
WELEV00E02,3235.0,880.0,2,BTM,ELEV,Elevator E,Elevator E2
NSTAI00404,1289.9999999999998,414.99999999999994,4,Faulkner,STAI,Stair 4,STAI N0404
FHALL03301,2066.0,1282.0,1,BTM,HALL,Emergency Hallway,Hallway F03301
GHALL011L2,1550.0,1966.0,-2,BTM,HALL,Hallway MapNode 11 Floor L2,Hall
AHALL0100G,1600.0,2853.0,0,BTM,HALL,Hall,Hall
WELEV00E01,3265.0,830.0,1,BTM,ELEV,Elevator E,Elevator E1
CCONF001L1,2255.0,849.0,-1,BTM,CONF,Anesthesia Conference Room,Conf C001L1
IREST00503,2277.0,995.0,3,BTM,REST,Restroom,R5
CLABS003L1,2290.0,1284.0,-1,BTM,LABS,Nuclear Medicine,Lab C003L1
GHALL03602,1580.0,2208.0,2,BTM,HALL,Hall Node 36 Floor 2,Hall
EDEPT00201,3100.0,890.0,1,BTM,DEPT,Wound and Ambulatory Department,WCCAT 1
NSTAI00204,721.9999999999999,1256.6949003813377,4,Faulkner,STAI,Stair 2,STAI N0204
LHALL01602,1349.0,501.0,2,Faulkner,HALL,Hallway Intersection 16 Level 2,HALL L2016
LHALL01603,1365.4685131424364,437.78019699298017,3,Faulkner,HALL,Hall,Hall
EHALL02001,2950.0,745.0,1,BTM,HALL,Hallway Node 18 Floor 1,HallE18
DHALL01902,4340.0,625.0,2,BTM,HALL,Hallway 19 Floor 2,Hallway D1902
CHALL015L1,2300.0,849.0,-1,BTM,HALL,Hallway 15 Floor L1,Hallway C015L1
KHALL02201,1257.0,931.0,1,Faulkner,HALL,Hallway Intersection 22 Level 1,Hallway K2201
BHALL03502,2246.0,1028.0,2,BTM,HALL,Hallway Intersection 35 Level 2,Hallway B3502
DINFO00102,4210.0,630.0,2,BTM,INFO,15 Francis Security Desk,Information Desk
PDEPT00905,1276.6395858864332,846.9999999999999,5,Faulkner,DEPT,Abulatory Care 4,DEPT009
PHALL02305,1266.0,1147.0,5,Faulkner,HALL,Hall 23,HALL023
LHALL00504,1249.9999999999995,344.2827672633665,4,Faulkner,HALL,Hall,Hall
LHALL00502,747.0,981.0,2,Faulkner,HALL,Hallway Intersection 5 Level 2,HALL L2005
LHALL00503,1069.0157494490597,737.8342431353777,3,Faulkner,HALL,Hall,Hall
DDEPT00102,4330.0,700.0,2,BTM,DEPT,Chest Diseases,Chest Diseases
DHALL00802,4660.0,770.0,2,BTM,HALL,Hallway 8 Floor 2,Hallway D0802
CHALL004L1,2770.0,1070.0,-1,BTM,HALL,Hallway 4 Floor L1,Hallway C004L1
CHALL004L2,2130.0,904.0,-2,BTM,HALL,Hallway 4 Floor L2,Hallway C004L2
FHALL01101,1627.0,930.0,1,BTM,HALL,Tower Hallway 4,Hallway F01101
KHALL01101,1256.8375037582089,1156.7219036469126,1,Faulkner,HALL,Hallway Intersection K1201,Hallway K1201
GHALL00103,1562.0,2230.0,3,BTM,HALL,Hallway Node 1 Floor 3,Hall
XHALL16002,3871.0,1573.0,2,BTM,HALL,45 sidewalk,45 sidewalk
GHALL00102,1170.0,1780.0,2,BTM,HALL,Hall Node 1 Floor 2,Hall
XHALL16402,3338.0,1166.0,2,BTM,HALL,45 sidewalk,45 sidewalk
HHALL00802,1740.0,1230.0,2,BTM,HALL,Hallway Connector 8,Hallway H00802
HHALL00803,1735.0,865.0,3,BTM,HALL,Hallway Connector 8,Hallway H00803
DHALL05202,3555.0,730.0,2,BTM,HALL,Hallway 52 Floor 2,Hallway D5202
WHALL00602,2105.0,1280.0,2,BTM,HALL,Hallway Connector 6 Floor 2,Hallway W0602
PHALL01005,1355.7295226306958,481.39712943184037,5,Faulkner,HALL,Hall 10,HALL010
FHALL02001,1700.0,1120.0,1,BTM,HALL,Tower Hallway 12,Hallway F02001
BHALL01102,2912.0,903.0,2,BTM,HALL,Hallway Intersection 11 Level 2,Hallway B1102
MREST00344,1221.4228361129974,297.6716641191492,3,Faulkner,REST,Restroom,Restroom
AHALL0010G,1677.0,2530.0,0,BTM,HALL,Hall,Hall
GHALL01602,1502.0,1820.0,2,BTM,HALL,Hall Node 16 Floor 2,Hall
GHALL01601,1689.0,2225.0,1,BTM,HALL,Hallway MapNode 16 Floor 1,Hall
GHALL002L1,1702.0,2167.0,-1,BTM,HALL,Hallway MapNode 2 Floor L1,Hall
IHALL00703,2772.0,1227.0,3,BTM,HALL,Hallway Node 7,H7
KHALL00201,937.0,832.0,1,Faulkner,HALL,Hallway Intersection 2 Level 1,Hallway K0201
MREST00343,1290.6967876862002,298.1434100210813,3,Faulkner,REST,Restroom,Restroom
CCONF003L1,2445.0,1245.0,-1,BTM,CONF,Abrams Conference Room,Conf C003L1
NDEPT01004,1277.9776320816163,641.3987954116518,4,Faulkner,DEPT,Neurology,DEPT N1004
DHALL04102,3875.0,560.0,2,BTM,HALL,Hallway 41 Floor 2,Hallway D4102
FSERV00301,1700.0,1158.0,1,BTM,SERV,Kessler Library,Kessler Library
GDEPT00702,1341.0,1778.0,2,BTM,DEPT,Waiting Area Shapiro Floor 2,Waiting room
EHALL03301,2605.0,1380.0,1,BTM,HALL,Hallway Node 31 Floor 1,HallE31
WELEV00G02,2945.0,870.0,2,BTM,ELEV,Elevator G,Elevator G2
WELEV00G01,2935.0,900.0,1,BTM,ELEV,Elevator G,Elevator G1
IDEPT00203,2448.0,1328.0,3,BTM,DEPT,Gynecology Oncology MIGS,D2
FHALL03101,2026.0,976.0,1,BTM,HALL,Lobby Hallway 6,Hallway F02801
GHALL013L2,1512.0,1909.0,-2,BTM,HALL,Hallway MapNode 13 Floor L2,Hall
AHALL0120G,1548.0,2538.0,0,BTM,HALL,Hall,Hall
NHALL03004,1954.0,1219.0,4,Faulkner,HALL,Hall 30,HALL N3004
GHALL02702,1726.0,1930.0,2,BTM,HALL,Hall Node 27 Floor 2,Hall
IREST00303,2745.0,1147.0,3,BTM,REST,Restroom,R3
DELEV00D02,3475.0,760.0,2,BTM,ELEV,Elevator D,Elevator D2
KDEPT00601,1275.671124118379,554.5850525381279,1,Faulkner,DEPT,Pre-Admittance Screening,Department K0601
CLABS001L2,2300.0,854.0,-2,BTM,LABS,Radiation Oncology TX Suite,Lab C001L2
CLABS001L1,1965.0,1284.0,-1,BTM,LABS,Outpatient Fluoroscopy,Lab C001L1
EDEPT00401,2790.0,1380.0,1,BTM,DEPT,Rehabilitation Services,Rehab 1
PELEV00105,1184.0,405.0,5,Faulkner,ELEV,Elevator X,ELEVX
GHALL03802,1726.0,2210.0,2,BTM,HALL,Hall Node 38 Floor 2,Hall
LHALL01802,1349.0,288.0,2,Faulkner,HALL,Hallway Intersection 18 Level 2,HALL L2018
LHALL01803,1257.7556886794832,654.012578599067,3,Faulkner,HALL,Hall,Hall
PHALL03205,152.99999999999997,1209.0378064048148,5,Faulkner,HALL,Hall 32,HALL032
EHALL02201,3270.0,875.0,1,BTM,HALL,Hallway Node 20 Floor 1,HallE20
CHALL013L1,2130.0,844.0,-1,BTM,HALL,Hallway 13 Floor L1,Hallway C013L1
BHALL03302,2782.0,1280.0,2,BTM,HALL,Hallway Intersection 33 Level 2,Hallway B3302
KHALL02401,1400.0,942.0,1,Faulkner,HALL,Hallway Intersection 24 Level 1,Hallway K2401
BCONF00102,2150.0,1025.0,2,BTM,CONF,Duncan Reid Conference Room,Conf B0102
GREST01201,1671.0,2015.0,1,BTM,REST,Restroom,Restroom Shapiro Floor 1
LHALL00704,1357.6790927030856,307.44451116618626,4,Faulkner,HALL,Hall,Hall
LHALL00702,747.0,1205.0,2,Faulkner,HALL,Hallway Intersection 7 Level 2,HALL L2007
LHALL00703,1208.1412548480844,654.012578599067,3,Faulkner,HALL,Hall,Hall
GREST01203,1628.0,2052.0,3,BTM,REST,Restroom,Restroom Shapiro Floor 3
AHALL00103,1534.0,2732.0,3,BTM,HALL,Hall,Hall
AHALL00101,1638.0,2553.0,1,BTM,HALL,Hall,Hall
PHALL02105,1250.0,1056.0,5,Faulkner,HALL,Hall 21,HALL021
EHALL01101,2610.0,910.0,1,BTM,HALL,Hallway Node 9 Floor 1,HallE09
AHALL00102,1591.0,2560.0,2,BTM,HALL,Hall,Hall
CHALL002L1,2445.0,1043.0,-1,BTM,HALL,Hallway 2 Floor L1,Hallway C002L1
CHALL002L2,2270.0,904.0,-2,BTM,HALL,Hallway 2 Floor L2,Hallway C002L2
BHALL02202,2900.0,985.0,2,BTM,HALL,Hallway Intersection 22 Level 2,Hallway B2202
KLABS00101,1080.0,586.0,1,Faulkner,LABS,Blood Draw Lab,Labs K0101
GHALL00303,1580.0,2180.0,3,BTM,HALL,Hallway Node 3 Floor 3,Hall
KHALL01301,1257.0,770.0,1,Faulkner,HALL,Hallway Intersection 13 Level 1,Hallway K1301
GHALL00301,1705.0,1831.0,1,BTM,HALL,Hallway MapNode 3 Floor 1,Hall
IHALL01803,2362.0,851.0,3,BTM,HALL,Hallway Node 18,H18
GHALL00302,1231.0,1781.0,2,BTM,HALL,Hall Node 3 Floor 2,Hall
GCONF02001,1493.0,2117.0,1,BTM,CONF,Shapiro Board Room,Shapiro Board Room
XHALL16202,3830.0,2316.0,2,BTM,HALL,FLEX Hall,FLEX Hall
DHALL05402,3490.0,845.0,2,BTM,HALL,Hallway 54 Floor 2,Hallway D5402
BHALL00602,2605.0,902.0,2,BTM,HALL,Hallway Intersection 6 Level 2,Hallway B0602
NHALL00604,1078.0,1219.0,4,Faulkner,HALL,Hall 6,HALL N0604
KHALL00401,1400.0,1113.0,1,Faulkner,HALL,Hallway Intersection 4 Level 1,Hallway K0401
HHALL00202,1955.0,900.0,2,BTM,HALL,Hallway Connector 2,Hallway H00202
HHALL00203,1235.0,985.0,3,BTM,HALL,Hallway Connector 2,Hallway H00203
BSTAI00702,2811.0,1165.0,2,BTM,STAI,Staircase Intersection 7 Level 2,Stair B0702
IHALL02003,2597.0,851.0,3,BTM,HALL,Hallway Node 20,H20
MHALL00319,1365.4685131424364,466.0849511089056,3,Faulkner,HALL,Hall,Hall
MHALL00318,1256.886983607727,465.6132052069739,3,Faulkner,HALL,Hall,Hall
MHALL00317,1146.8142875969124,465.61320520697353,3,Faulkner,HALL,Hall,Hall
MHALL00316,1208.1412548480844,490.1439921074422,3,Faulkner,HALL,Hall,Hall
PHALL01605,1250.0,691.0,5,Faulkner,HALL,Hall 16,HALL016
PREST00105,1216.9999999999995,1176.2913713467476,5,Faulkner,REST,Restroom A,RESTA
MDEPT00324,1395.4243779151243,341.54403299883364,3,Faulkner,DEPT,Division of GYN,GYN
MDEPT00327,1221.4228361129974,232.57072965252073,3,Faulkner,DEPT,Roslindale Pediatric Association,Pediatrics
BREST00202,2605.0,841.0,2,BTM,REST,Restroom,REST B0202
BHALL01702,2945.0,710.0,2,BTM,HALL,Hallway Intersection 17 Level 2,Hallway B1702
DSTAI00602,3950.0,865.0,2,BTM,STAI,Staircase6 Floor2,Staircase6
GHALL01003,1580.0,2070.0,3,BTM,HALL,Hallway Node 10 Floor 3,Hall
MDEPT00325,1395.4243779151243,293.42595100176044,3,Faulkner,DEPT,OB/GYN Association,OB/GYN
GHALL01002,1340.0,1820.0,2,BTM,HALL,Hall Node 10 Floor 2,Hall
MDEPT00326,1329.6158245955976,240.59040998536625,3,Faulkner,DEPT,Gynocology/Oncology,GYN/ON
GHALL01001,1673.0,2165.0,1,BTM,HALL,Hallway MapNode 10 Floor 1,Hall
DHALL04302,3865.0,750.0,2,BTM,HALL,Hallway 43 Floor 2,Hallway D4302
NHALL01704,1146.1173322197471,311.2316216060833,4,Faulkner,HALL,Hall 17,HALL N1704
ADEPT00101,1401.0,2628.0,1,BTM,DEPT,Neuroscience Waiting Room,Neuro Waiting Room
MDEPT00320,1396.8396156209205,437.78019699298017,3,Faulkner,DEPT,med staff lounge,staff lounge
ADEPT00102,1395.0,2674.0,2,BTM,DEPT,Orthopedics and Rhemutalogy,Orthopedics and Rhemutalogy
EHALL03501,2760.0,1460.0,1,BTM,HALL,Hallway Node 33 Floor 1,HallE33
NSERV00404,1277.2990377154385,910.7075192097243,4,Faulkner,SERV,Nurses Suite,SERV N0404
MHALL00321,1256.415237705795,378.0171475304446,3,Faulkner,HALL,hall,hall
HHALL01303,1600.0,1030.0,3,BTM,HALL,Hallway Connector 13,Hallway H01303
PHALL00505,1249.9999999999998,291.4121024091449,5,Faulkner,HALL,Hall 5,HALL005
MHALL00329,1221.4228361129974,264.80319667154464,3,Faulkner,HALL,Hall,Hall
MHALL00328,1146.8142875969124,291.53896739403206,3,Faulkner,HALL,Hall,Hall
HLABS00103,1235.0,865.0,3,BTM,LABS,Reproductive Endocrine Labs,Reproductive Endocrine Labs
LSERV00502,747.0,628.0626458589114,2,Faulkner,SERV,Material Management,SERVF L2005
GHALL02102,1683.0,1821.0,2,BTM,HALL,Hall Node 21 Floor 2,Hall
GHALL02101,1600.0,1830.0,1,BTM,HALL,Hallway MapNode 21 Floor 1,Hall
DELEV00B02,4155.0,650.0,2,BTM,ELEV,Elevator B,Elevator B2
DHALL03002,4140.0,680.0,2,BTM,HALL,Hallway 30 Floor 2,Hallway D3002
GHALL03202,1684.0,2091.0,2,BTM,HALL,Hall Node 32 Floor 2,Hall
NHALL02804,1864.0,1219.0,4,Faulkner,HALL,Hall 28,HALL N2804
BDEPT00602,2782.0,1303.0,2,BTM,HALL,Hallway Intersection 31,Hallway B3102
NDEPT02104,2285.999999999998,1189.5533060728446,4,Faulkner,DEPT,IS,DEPTN2104
CHALL008L1,2215.0,1045.0,-1,BTM,HALL,Hallway 8 Floor L1,Hallway C008L1
EHALL02401,2770.0,1010.0,1,BTM,HALL,Hallway Node 22 Floor 1,HallE22
ADEPT0010G,1530.0,2495.0,0,BTM,DEPT,Neuro Testing Waiting Area ,Neuro Wating Area
CHALL008L2,1730.0,924.0,-2,BTM,HALL,Hallway 8 Floor L2,Hallway C008L2
GRETL03501,1284.0,1884.0,1,BTM,REST,Restroom,Secret Room Floor 1
PDEPT00505,1275.0395004609713,552.9999999999997,5,Faulkner,DEPT,Ambulatory Clinic,DEPT005
WELEV00HL1,2715.0,1070.0,-1,BTM,ELEV,Elevator H,Elevator HL1
PELEV00305,1331.0424903521398,1146.9999999999995,5,Faulkner,ELEV,Elevator Z,ELEVZ
NREST00204,1219.7938444141075,344.2827672633665,4,Faulkner,REST,Restroom,REST N0204
XELEV  803,3742.0,2260.0,3,BTM,ELEV,Elevator T,Flex Elevator
GEXIT001L1,1702.0,2260.0,-1,BTM,EXIT,Fenwood Road EntranceExit L1,Fenwood Road Exit
KHALL01501,1257.0,414.0,1,Faulkner,HALL,Hallway Intersection 15 Level 1,Hallway K1501
LHALL00902,1200.0,1205.0,2,Faulkner,HALL,Hallway Intersection 9 Level 2,HALL L2009
EHALL01301,2660.0,954.0,1,BTM,HALL,Hallway Node 11 Floor 1,HallE11
LHALL00903,1439.796851500305,838.1443479028235,3,Faulkner,HALL,Hall,Hall
CREST002L1,2065.0,1284.0,-1,BTM,REST,Restroom,Restroom C002L1
CREST002L2,1930.0,1280.0,-2,BTM,REST,Restroom,Restroom C002L2
PCONF00205,1381.559473070296,451.224089980272,5,Faulkner,CONF,Suite 58,CONF002
MHALL00309,1257.627899553702,1063.7889714293829,3,Faulkner,HALL,Hall,Hall
PDEPT01605,1078.0,1248.9809663891624,5,Faulkner,DEPT,Outpatient Infusion Center,DEPT016
MHALL00306,1257.6278995537018,1169.7834327024193,3,Faulkner,HALL,Hall,Hall
PHALL02705,1149.0,1214.0,5,Faulkner,HALL,Hall 27,HALL027
KLABS00301,1275.9500202976792,931.0000000000009,1,Faulkner,LABS,VASC Lab,Labs K0301
LRETL00101,1064.3946004247464,217.99999999999991,1,Faulkner,RETL,Starbucks,Starbucks
LRETL00102,1348.999999999999,529.619421921677,2,Faulkner,RETL,Food Service,FOOD L2001
BHALL02802,3063.0,1043.0,2,BTM,HALL,Hallway Intersection 28 Level 2,Hallway B2802
MELEV00322,1203.4237958287633,378.01714753044456,3,Faulkner,ELEV,Elevator,Elevator
DHALL05602,3440.0,800.0,2,BTM,HALL,Hallway 56 Floor 2,Hallway D5602
NHALL00804,1250.0,1153.0,4,Faulkner,HALL,Hall 8,HALL N0804
BHALL00402,2246.0,1280.0,2,BTM,HALL,Hallway Intersection 4 Level 2,Hallway B0402
DHALL01002,4625.0,650.0,2,BTM,HALL,Hallway 10 Floor 2,Hallway D1002
KHALL00601,1400.0,528.0,1,Faulkner,HALL,Hallway Intersection 6 Level 1,Hallway K0601
PHALL01405,1250.0,553.0,5,Faulkner,HALL,Hall 14,HALL014
HHALL00402,1875.0,1025.0,2,BTM,HALL,Hallway Connector 4,Hallway H00402
NELEV00Z04,1334.9087787966796,1152.9999999999998,4,Faulkner,ELEV,Elevator 3 Level 4,ELEV N0204
NSERV01304,2191.9999999999986,1244.921922481586,4,Faulkner,SERV,Finance Office,SERV N1304
HHALL00403,1325.0,1290.0,3,BTM,HALL,Hallway Connector 4,Hallway H00403
KELEV00X01,1211.1891753215841,414.00000000000006,1,Faulkner,ELEV,Elevator X Level 1,Elevator 0X01
BSTAI00902,2190.0,1280.0,2,BTM,STAI,Staircase Intersection 9 Level 2,Stair B0902
BHALL01502,2672.0,820.0,2,BTM,HALL,Hallway Intersection 15 Level 2,Hallway B1502
GHALL01202,1395.0,1820.0,2,BTM,HALL,Hall Node 12 Floor 2,Hall
FHALL00901,1627.0,850.0,1,BTM,HALL,Tower Hallway 2,Hallway F00901
DSTAI00402,4175.0,620.0,2,BTM,STAI,Staircase4 Floor2,Staircase4
DHALL04502,3775.0,745.0,2,BTM,HALL,Hallway 45 Floor 2,Hallway D4502
NHALL01904,1249.9999999999995,287.476110664911,4,Faulkner,HALL,Hall 19,HALL N1904
EREST00201,2985.0,980.0,1,BTM,REST,Restroom,Restroom F1
ADEPT00301,986.0,2852.0,1,BTM,DEPT,CART Waiting,CART Waiting
FEXIT00101,2017.0,799.0,1,BTM,EXIT,Shattuck Street Lobby Exit,Shattuck St. Exit
KREST00201,1112.9999999999993,492.08233518411083,1,Faulkner,REST,Restroom 2 Level 1,Restroom K0201
PHALL00305,1143.3753283086735,317.48701210325567,5,Faulkner,HALL,Hall 3,HALL003
NSERV00204,1249.9999999999998,1252.0079263939015,4,Faulkner,SERV,Administration,SERV N0204
HHALL01503,1735.0,985.0,3,BTM,HALL,Hallway Connector 15,Hallway H01503
WELEV00K02,2240.0,965.0,2,BTM,ELEV,Elevator K,Elevator K2
WELEV00K03,2220.0,985.0,3,BTM,ELEV,Elevator K,Elevator K3
WELEV00K01,2240.0,985.0,1,BTM,ELEV,Elevator K,Elevator K1
GHALL02302,1726.0,1835.0,2,BTM,HALL,Hall Node 23 Floor 2,Hall
BDEPT00802,3155.0,890.0,2,BTM,DEPT,Outpatient Pharmacy,DEPT B0802
GHALL03401,1284.0,1872.0,1,BTM,HALL,Hallway MapNode 34 Floor 1,Hall
GHALL03402,1724.0,2123.0,2,BTM,HALL,Hall Node 34 Floor 2,Hall
DHALL03202,4020.0,715.0,2,BTM,HALL,Hallway 32 Floor 2,Hallway D3202
MHALL00335,1095.1088864051953,737.8342431353777,3,Faulkner,HALL,Hall,Hall
MHALL00334,2125.211413764971,707.0882914878811,3,Faulkner,HALL,Hall,Hall
CHALL006L2,1745.0,1009.0,-2,BTM,HALL,Hallway 6 Floor L2,Hallway C006L2
MHALL00333,2056.053460698673,707.0882914878811,3,Faulkner,HALL,Hall,Hall
WELEV00M02,1825.0,1280.0,2,BTM,ELEV,Elevator M,Elevator M2
MHALL00332,2056.053460698673,649.205715068408,3,Faulkner,HALL,hall,Hall
EHALL02601,3085.0,980.0,1,BTM,HALL,Hallway Node 24 Floor 1,HallE24
WELEV00M03,1815.0,1290.0,3,BTM,ELEV,Elevator M,Elevator M3
MHALL00331,1638.9100456418846,663.4710404067805,3,Faulkner,HALL,Hall,Hall
PDEPT00705,1277.5539204152687,749.9999999999995,5,Faulkner,DEPT,Abulatory Care 2,DEPT007
MHALL00339,998.2412461863213,737.834243135378,3,Faulkner,HALL,Hall,Hall
MHALL00336,1094.7859328002148,691.8757483021362,3,Faulkner,HALL,HALL,hall
MELEV00307,1164.7311252799677,1169.7834327024193,3,Faulkner,ELEV,Elevator,Elevator
MELEV00308,1337.2382477758108,1169.7834327024193,3,Faulkner,ELEV,Elevator,Elevator
BHALL03702,2322.0,641.0,2,BTM,HALL,Hallway Intersection 37 Level 2,Hallway B3702
GSTAI02802,1685.0,2041.0,2,BTM,STAI,Stairs Node 28 Floor 2,Floor 2 Stairs Lower
LSTAI00102,1298.1177577414264,409.9999999999998,2,Faulkner,STAI,Staircase 1 Level 2,STAIR L2001
CLABS005L1,2770.0,1284.0,-1,BTM,LABS,CSIR MRI Lab,Lab C005L1
AEXIT001L2,1696.0,2788.0,-2,BTM,EXIT,Parking Garage,Parking Garage L2
KHALL01701,1054.0,515.0,1,Faulkner,HALL,Hallway Intersection 17 Level 1,Hallway K1701
DHALL02102,4295.0,530.0,2,BTM,HALL,Hallway 21 Floor 2,Hallway D2102
PCONF00405,1226.1226031682772,517.9999999999998,5,Faulkner,CONF,Suite 5945,CONF004
DDEPT00302,3900.0,640.0,2,BTM,DEPT,Brigham Health,Brigham Health
WELEV00JL1,2360.0,799.0,-1,BTM,ELEV,Elevator J,Elevator JL1
PHALL02505,2351.000000000002,1214.2515812326542,5,Faulkner,HALL,Hall 25,HALL025
WELEV00JL2,2360.0,804.0,-2,BTM,ELEV,Elevator J,Elevator JL2
EHALL01501,2675.0,910.0,1,BTM,HALL,Hallway Node 13 Floor 1,HallE13
MHALL00342,525.0,564.0,3,Faulkner,HALL,Hall,Hall
MHALL00341,586.3899645222754,503.42243449778704,3,Faulkner,HALL,Hall,Hall
KSERV00201,1304.6763267655833,1101.0000000000011,1,Faulkner,SERV,QR MAT Management,Service K0201
MHALL00340,767.8983296942467,503.42243449778704,3,Faulkner,HALL,Hall,Hall
CREST004L1,2770.0,1160.0,-1,BTM,REST,Restroom,Restroom C004L1
PDEPT01805,817.9999999999999,1180.405876726507,5,Faulkner,DEPT,HemoDialysis,DEPT018
CHALL006L1,2130.0,1284.0,-1,BTM,HALL,Hallway 6 Floor L1,Hallway C006L1
BHALL02602,3296.0,945.0,2,BTM,HALL,Hallway Intersection 26 Level 2,Hallway B2602
KLABS00501,1542.1616123943154,528.0000000000006,1,Faulkner,LABS,Radiology,Labs K0501